easy-intent-00	3.235604269	track_order=0.9526906035537083	cancel_order=0.02284965198063743	change_address=0.005972227289414062	report_damage=0.006215104698274743	billing_question=0.012272412477965601
easy-intent-01	2.915605858	track_order=0.04648071791247424	cancel_order=0.9422764372534121	change_address=0.001669441236786252	report_damage=0.004074579914673873	billing_question=0.005498823682653875
easy-intent-02	3.042891611	track_order=0.07849896115140663	cancel_order=0.010456241618744526	change_address=0.8883496474551021	report_damage=0.015557883930048401	billing_question=0.007137265844698252
easy-intent-03	2.889925503	track_order=0.03186706872598561	cancel_order=0.0015400702716178748	change_address=0.006531290704015052	report_damage=0.9591417014754179	billing_question=9.198688229635674E-4
easy-intent-04	3.153967613	track_order=0.05673045037482565	cancel_order=0.006499065717372298	change_address=0.005826930600537118	report_damage=0.0374574018582373	billing_question=0.8934861514490275
easy-intent-05	2.993926864	track_order=0.9838578236251729	cancel_order=0.005183443814467493	change_address=0.003136039027146978	report_damage=0.003222149593909306	billing_question=0.0046005439393033394
easy-intent-06	2.715943812	set_alarm=0.979000983181699	play_music=0.0038704379606840007	weather=0.00413116288556826	send_message=0.005752390643806692	turn_off_lights=0.007245025328241991
easy-intent-07	2.522980892	set_alarm=0.08269249965914886	play_music=0.905820305724731	weather=0.00514321976464862	send_message=0.0033503974662090533	turn_off_lights=0.00299357738526247
easy-intent-08	2.573572998	set_alarm=0.04123656431934982	play_music=0.01388456289168832	weather=0.9190860912536708	send_message=0.019594681045473225	turn_off_lights=0.006198100489817855
easy-intent-09	2.647628355	set_alarm=0.04029304964097716	play_music=0.0043755024778881525	weather=0.011823121768630504	send_message=0.9402270481337167	turn_off_lights=0.00328127797878752
easy-intent-10	2.750132525	set_alarm=0.09819400415701092	play_music=0.013266105580478832	weather=0.007246965381674403	send_message=0.015129201390851891	turn_off_lights=0.8661637234899838
easy-intent-11	2.873711412	set_alarm=0.967112783021279	play_music=0.0038051994943857875	weather=0.0052513654699751985	send_message=0.01481418413839396	turn_off_lights=0.00901646787596601
easy-fact-00	1.979438414	no=0.1883344750643056	yes=0.8116655249356944
easy-fact-01	1.733245364	no=0.8743201387067187	yes=0.12567986129328132
easy-fact-02	1.939850787	no=0.14401948109974214	yes=0.8559805189002578
easy-fact-03	1.988115184	no=0.9164715536833161	yes=0.08352844631668391
easy-fact-04	1.717419377	no=0.2478085519981576	yes=0.7521914480018423
easy-fact-05	1.887147448	no=0.8091179811626644	yes=0.19088201883733566
easy-fact-06	2.459211226	no=0.2819207998720918	yes=0.7180792001279083
easy-fact-07	1.638218813	no=0.8221824381855087	yes=0.17781756181449118
easy-fact-08	1.527710178	no=0.4484649534993229	yes=0.5515350465006771
easy-fact-09	1.518043713	no=0.7511989050242045	yes=0.24880109497579553
easy-fact-10	1.755632389	no=0.1662355716940198	yes=0.8337644283059801
easy-fact-11	1.77587733	no=0.7350622172849162	yes=0.26493778271508384
easy-extraction-00	1.748748832	credit_card=0.0794357829306482	paypal=0.9065732513883552	bank_transfer=0.004860776362023346	cash=0.009130189318973183
easy-extraction-01	1.805848778	credit_card=0.07208383393132815	paypal=0.00773099225965599	bank_transfer=0.010048757738452336	cash=0.9101364160705634
easy-extraction-02	2.088238085	credit_card=0.10164861238956839	paypal=0.011922516796370661	bank_transfer=0.8774194074892785	cash=0.009009463324782392
easy-extraction-03	1.982669883	low=0.10114507058366824	medium=0.06070003620857135	high=0.6494323511289654	urgent=0.18872254207879502
easy-extraction-04	1.801709473	low=0.962091149508051	medium=0.009334222111970278	high=0.010519809331058541	urgent=0.01805481904892037
easy-extraction-05	1.76894668	low=0.035748497015948254	medium=0.004725748230411591	high=0.007475818652564584	urgent=0.9520499361010756
easy-extraction-06	1.583292039	S=0.05118112911506505	M=0.9355713446078441	L=0.006881445188291365	XL=0.006366081088799364
easy-extraction-07	1.585424788	S=0.06914140940729091	M=0.023611971987194193	L=0.03364519696435298	XL=0.873601421641162
easy-extraction-08	1.999399186	monday=0.016592532283712578	tuesday=0.0024888097879509226	wednesday=0.02133263979802631	thursday=0.9589778857502425	friday=6.081323800678589E-4
easy-extraction-09	2.204199591	monday=0.9506153021135538	tuesday=0.008677046123670755	wednesday=0.02053622675920234	thursday=0.015243351180311239	friday=0.0049280738232621
easy-extraction-10	1.905725612	monday=0.03831097251717177	tuesday=0.009284846544909523	wednesday=0.010240152202391618	thursday=0.06051571089917065	friday=0.8816483178363563
easy-extraction-11	1.868612222	credit_card=0.9639220992072208	paypal=0.00828822965000868	bank_transfer=0.005194730247026504	cash=0.02259494089574379
easy-tool_selection-00	2.751611287	get_weather=0.9358854162129747	send_email=0.0088100005763142	create_calendar_event=0.008705758438760048	convert_currency=0.02241074167926329	translate_text=0.024188083092687947
easy-tool_selection-01	2.74660371	get_weather=0.030874531180781473	send_email=0.9555576727165864	create_calendar_event=0.004196551846437351	convert_currency=0.004611617799163135	translate_text=0.004759626457031535
easy-tool_selection-02	2.829269893	get_weather=0.06040726904847623	send_email=0.01622201491721926	create_calendar_event=0.9010520809784116	convert_currency=0.01088065752589845	translate_text=0.011437977529994424
easy-tool_selection-03	2.812240591	get_weather=0.016466931509063164	send_email=0.0020501216506873714	create_calendar_event=0.0012595549920540062	convert_currency=0.9786490096273476	translate_text=0.0015743822208477828
easy-tool_selection-04	2.753488667	get_weather=0.07106200041056909	send_email=0.008293245578862556	create_calendar_event=0.004445917903903444	convert_currency=0.010625669689503374	translate_text=0.9055731664171616
easy-tool_selection-05	3.092291591	get_weather=0.06317870518204632	send_email=0.017357533366708394	create_calendar_event=0.9003433172548099	convert_currency=0.008027048451273753	translate_text=0.011093395745161569
easy-tool_selection-06	3.344499379	search_flights=0.9894560868548178	book_restaurant=0.0019148599272106246	set_reminder=0.0013759269641348947	get_stock_price=0.004184477319998422	call_taxi=0.00306864893383814
easy-tool_selection-07	2.971515679	search_flights=0.03891724802201818	book_restaurant=0.9321675077913398	set_reminder=0.00683292911153577	get_stock_price=0.012098190007512659	call_taxi=0.00998412506759358
easy-tool_selection-08	2.974622073	search_flights=0.016701030845997167	book_restaurant=0.0017966381464515502	set_reminder=0.9726308651435633	get_stock_price=0.004712827044387787	call_taxi=0.0041586388196002185
easy-tool_selection-09	2.873221406	search_flights=0.012964687566011279	book_restaurant=0.0012433921129080747	set_reminder=0.0018870390792437998	get_stock_price=0.9814036967327965	call_taxi=0.0025011845090403646
easy-tool_selection-10	2.876097816	search_flights=0.06547985292233768	book_restaurant=0.005921625692213964	set_reminder=0.006364778117288311	get_stock_price=0.018032909620618497	call_taxi=0.9042008336475416
easy-tool_selection-11	3.053980461	search_flights=0.019805157278706905	book_restaurant=0.001701186290727131	set_reminder=0.9741094001604652	get_stock_price=0.0035254710756807543	call_taxi=8.587851944199883E-4
original-policy-01-0	2.498553663	no=0.7426186308072426	yes=0.2573813691927575
original-policy-01-1	2.370006228	no=0.8065221671277287	yes=0.19347783287227133
original-policy-02-0	1.950599569	no=0.34372369501841293	yes=0.656276304981587
original-policy-02-1	2.036328069	no=0.6937080605203986	yes=0.3062919394796014
original-policy-03-0	2.053567211	no=0.38281898713551243	yes=0.6171810128644876
original-policy-03-1	1.992968349	no=0.8121958921230955	yes=0.1878041078769045
original-policy-04-0	2.172766509	no=0.4318464684893476	yes=0.5681535315106525
original-policy-04-1	2.178174793	no=0.6711044040449565	yes=0.3288955959550435
original-policy-05-0	2.516984294	no=0.7865008245322936	yes=0.21349917546770633
original-policy-05-1	2.36031373	no=0.7831618693045973	yes=0.2168381306954027
original-policy-06-0	2.493457656	no=0.4619493888014311	yes=0.538050611198569
original-policy-06-1	2.068383884	no=0.30321493847416797	yes=0.6967850615258321
original-intent-01-0	2.367858047	cancel=0.07055904517238162	refund=0.8956659749202805	status=0.010850495711248843	change_address=0.00810051555524861	other=0.014823968640840414
original-intent-01-1	2.461602192	cancel=0.1610894248681539	refund=0.7863636574316776	status=0.013910110689001134	change_address=0.008542044466948282	other=0.030094762544219184
original-intent-02-0	2.418880299	cancel=0.10935455397940744	refund=0.04082790933863095	status=0.5617766403574308	change_address=0.10010458928102392	other=0.18793630704350686
original-intent-02-1	2.523638351	cancel=0.09193664180929978	refund=0.027724110170100853	status=0.8269667378803415	change_address=0.02218108553092918	other=0.0311914246093286
original-intent-03-0	2.710740929	cancel=0.05544405607327413	refund=0.007328173120948775	status=0.0014297416028255041	change_address=0.9336157286379717	other=0.0021823005649797326
original-intent-03-1	2.424177235	cancel=0.04753252729173626	refund=0.0061148239657351534	status=0.0021681217450778708	change_address=0.9371348131759376	other=0.007049713821513134
original-intent-04-0	2.48675495	cancel=0.608632841149188	refund=0.1597574058953383	status=0.02230598332582283	change_address=0.019361042475919493	other=0.1899427271537313
original-intent-04-1	2.385526107	cancel=0.6592708467160059	refund=0.1137221025863016	status=0.022107112403376733	change_address=0.034910830848126656	other=0.16998910744618914
original-intent-05-0	2.461091387	cancel=0.09705157842190264	refund=0.8370666961475146	status=0.025405310474118904	change_address=0.019623091995255033	other=0.02085332296120888
original-intent-05-1	2.356089565	cancel=0.11842504686385592	refund=0.8181059453780094	status=0.02767584889293338	change_address=0.016216999269501795	other=0.019576159595699506
original-intent-06-0	2.339115591	cancel=0.21237875344089527	refund=0.06992682888811318	status=0.6671309989278418	change_address=0.025008764814938498	other=0.02555465392821117
original-intent-06-1	2.502065888	cancel=0.11490396252108907	refund=0.022009463956636055	status=0.8406790257837707	change_address=0.016290212250415447	other=0.0061173354880887315
original-ordinal-01-0	2.907781628	0=0.5090067841944546	1=0.19086080028151617	2=0.13752380412590748	3=0.16260861139812188
original-ordinal-01-1	2.966148441	0=0.6068074571380991	1=0.13813494475876925	2=0.11022492602552512	3=0.14483267207760644
original-ordinal-02-0	2.753825478	0=0.1630553527416355	1=0.7464068576309639	2=0.042475779297317766	3=0.04806201033008286
original-ordinal-02-1	2.719787234	0=0.2601601016423022	1=0.6699089899878308	2=0.022207589584921146	3=0.047723318784945935
original-ordinal-03-0	2.644062681	0=0.23236989303320205	1=0.13367698624782456	2=0.5329429141818833	3=0.10101020653709006
original-ordinal-03-1	2.71183741	0=0.26654432416559964	1=0.24395372059922166	2=0.36814244116899086	3=0.1213595140661878
original-ordinal-04-0	2.792530157	0=0.20000837299868143	1=0.06275035807537356	2=0.044147906922020384	3=0.6930933620039247
original-ordinal-04-1	2.948882112	0=0.21844446469464662	1=0.0930378736992235	2=0.06419910040887211	3=0.6243185611972577
original-ordinal-05-0	2.829343112	0=0.6246049700135196	1=0.11539890717124124	2=0.142081222272343	3=0.11791490054289636
original-ordinal-05-1	2.712838304	0=0.5481919152121522	1=0.19257776070826912	2=0.14005293887120815	3=0.11917738520837055
original-ordinal-06-0	2.736491726	0=0.3175629207546016	1=0.23064778574088837	2=0.37170726524638775	3=0.0800820282581223
original-ordinal-06-1	2.887816816	0=0.14510802600271888	1=0.0992113414314735	2=0.695834014603195	3=0.059846617962612564
original-extraction-01-0	1.990675071	courier=0.14192588369738549	pickup=0.7912759767534554	post=0.0047586411209944125	unknown=0.06203949842816473
original-extraction-01-1	2.029306532	courier=0.1322463235128488	pickup=0.7386525949173791	post=0.020089748022331214	unknown=0.10901133354744087
original-extraction-02-0	2.126837889	courier=0.05718837457028203	pickup=0.12445737926929167	post=0.3381215420242761	unknown=0.4802327041361503
original-extraction-02-1	2.317259999	courier=0.09175456013888718	pickup=0.042706879988746366	post=0.200309495401492	unknown=0.6652290644708744
original-extraction-03-0	2.471530945	courier=0.4771763062766508	pickup=0.3136255379623386	post=0.010249225075750372	unknown=0.1989489306852602
original-extraction-03-1	2.09827443	courier=0.6289835715136736	pickup=0.21516365301746765	post=0.014308862846473015	unknown=0.1415439126223857
original-extraction-04-0	2.047347615	courier=0.07327033207371539	pickup=0.0525854884422711	post=0.798769002717749	unknown=0.07537517676626454
original-extraction-04-1	1.998279381	courier=0.04538464879527485	pickup=0.04242548069132937	post=0.870477427086681	unknown=0.04171244342671475
original-extraction-05-0	2.039721143	courier=0.052752377662443985	pickup=0.07307093794954125	post=0.03189478914558004	unknown=0.8422818952424347
original-extraction-05-1	2.03832639	courier=0.19166894551829675	pickup=0.11241908117360955	post=0.024636880455318175	unknown=0.6712750928527755
original-extraction-06-0	2.36967449	courier=0.6276046776803317	pickup=0.049975462373473	post=0.13489270853580754	unknown=0.18752715141038784
original-extraction-06-1	2.072946765	courier=0.542450548958912	pickup=0.054684138135324814	post=0.070536839002633	unknown=0.3323284739031302
original-adequacy-01-0	1.806510831	no=0.2504473870264471	yes=0.749552612973553
original-adequacy-01-1	1.739039973	no=0.5890992183816878	yes=0.4109007816183122
original-adequacy-02-0	1.746196409	no=0.8331596169384609	yes=0.1668403830615392
original-adequacy-02-1	1.743705973	no=0.9662837098698701	yes=0.033716290130129924
original-adequacy-03-0	1.799723833	no=0.44825832648799274	yes=0.5517416735120072
original-adequacy-03-1	1.958001156	no=0.3927739102888384	yes=0.6072260897111615
original-adequacy-04-0	2.135165641	no=0.5971583130565294	yes=0.4028416869434705
original-adequacy-04-1	2.221214072	no=0.8236330995106845	yes=0.17636690048931558
original-adequacy-05-0	1.654577308	no=0.69539461176706	yes=0.30460538823294003
original-adequacy-05-1	1.667525947	no=0.5179775909244994	yes=0.48202240907550065
original-adequacy-06-0	1.990903444	no=0.39700428225465995	yes=0.60299571774534
original-adequacy-06-1	2.027628979	no=0.7140052767385408	yes=0.2859947232614592
original-routing-01-0	3.219843837	math=0.7565927816376903	coding=0.01797715825216077	coding_agent=0.02556078362328976	document=0.00583405275021417	tools=0.005775500388540581	general=0.18825972334810445
original-routing-01-1	3.278645287	math=0.7707046717193274	coding=0.014723084721232791	coding_agent=0.027199810988358428	document=0.009933022622455281	tools=0.00873022137992988	general=0.16870918856869635
original-routing-02-0	3.165076821	math=0.14933070467339013	coding=0.5852898822127459	coding_agent=0.15913947950290058	document=0.006143286214839997	tools=0.003947230500652294	general=0.09614941689547125
original-routing-02-1	2.99283761	math=0.12893536239166684	coding=0.6908356740528676	coding_agent=0.04304829108677704	document=0.0049056258747885466	tools=0.003987538211154183	general=0.12828750838274586
original-routing-03-0	3.130982603	math=0.16312019974711484	coding=0.06752757403692534	coding_agent=0.7202144366252846	document=0.007005800183935468	tools=0.002567501489971462	general=0.039564487916768296
original-routing-03-1	3.179970572	math=0.176093567350957	coding=0.02012053944609594	coding_agent=0.77669159115787	document=0.0047834654182174466	tools=0.002287863347393929	general=0.020022973279465756
original-routing-04-0	3.003381348	math=0.03651258440789444	coding=0.005713855121367423	coding_agent=0.007092098590515588	document=0.9433438154511031	tools=0.0020810503427674694	general=0.005256596086351976
original-routing-04-1	3.056621945	math=0.04774057743097365	coding=0.014443040579914369	coding_agent=0.01496275975313257	document=0.8582710321620984	tools=0.005997385317985326	general=0.05858520475589554
original-routing-05-0	3.105488912	math=0.15338666351066632	coding=0.048581402847676244	coding_agent=0.0752033856726126	document=0.02253716695164493	tools=0.6669831627171453	general=0.03330821830025451
original-routing-05-1	3.335510563	math=0.12760383348605434	coding=0.039530275929722414	coding_agent=0.06274286185387666	document=0.020238573211896795	tools=0.4212378701697706	general=0.32864658534867913
original-routing-06-0	3.314700314	math=0.21392825868119758	coding=0.2106726771824553	coding_agent=0.2546991412252022	document=0.03174312011567275	tools=0.023895813408833778	general=0.2650609893866385
original-routing-06-1	2.990407252	math=0.22308606701612374	coding=0.15830701095134914	coding_agent=0.2902291169787089	document=0.03798821028989966	tools=0.04982158777488707	general=0.24056800698903155
