easy-intent-00	2.814662797	track_order=0.8759588879324106	cancel_order=0.035898352260699935	change_address=0.04982728467527515	report_damage=0.029532699459022052	billing_question=0.008782775672592268
easy-intent-01	2.703917578	track_order=0.04372001273911721	cancel_order=0.9355456381552252	change_address=0.011617974465506619	report_damage=0.005807433492636207	billing_question=0.0033089411475150992
easy-intent-02	2.798123891	track_order=0.04688952407760981	cancel_order=0.004317809778781758	change_address=0.9291225664916645	report_damage=0.0170908733036172	billing_question=0.0025792263483267433
easy-intent-03	2.816558001	track_order=0.07523615171770588	cancel_order=0.0025708010870311624	change_address=0.004389965442837976	report_damage=0.9168717000132455	billing_question=9.31381739179573E-4
easy-intent-04	2.761822141	track_order=0.0885552048159882	cancel_order=0.023525739859773045	change_address=0.020538427308372402	report_damage=0.09703160766827756	billing_question=0.7703490203475888
easy-intent-05	2.603165259	track_order=0.8694791183206733	cancel_order=0.04236664191844461	change_address=0.03541330864942416	report_damage=0.04830635132681122	billing_question=0.004434579784646865
easy-intent-06	2.516800877	set_alarm=0.82577330635544	play_music=0.025893410526038715	weather=0.03688238172508904	send_message=0.0781153806114129	turn_off_lights=0.033335520782019394
easy-intent-07	2.364024787	set_alarm=0.08692082396177943	play_music=0.8911053801568376	weather=0.010969200599777466	send_message=0.0072224978193806055	turn_off_lights=0.0037820974622249015
easy-intent-08	2.560277907	set_alarm=0.03246176523889778	play_music=0.010207224761381882	weather=0.8958891908417931	send_message=0.05517247416276234	turn_off_lights=0.006269344995165097
easy-intent-09	2.748805105	set_alarm=0.07241965146041178	play_music=0.025300153885169718	weather=0.048665808520843304	send_message=0.8369715225008526	turn_off_lights=0.01664286363272244
easy-intent-10	2.555993026	set_alarm=0.10032233799319097	play_music=0.024413110233965057	weather=0.020426162896990178	send_message=0.05681498578272466	turn_off_lights=0.798023403093129
easy-intent-11	2.487058765	set_alarm=0.9134667357805628	play_music=0.008365112120839699	weather=0.02129355602403859	send_message=0.03971791399340461	turn_off_lights=0.017156682081154246
easy-fact-00	1.707012534	no=0.13797627968275353	yes=0.8620237203172465
easy-fact-01	1.671361519	no=0.8132473866394997	yes=0.18675261336050036
easy-fact-02	1.88987137	no=0.06557643111368923	yes=0.9344235688863107
easy-fact-03	2.01971906	no=0.8971288158828499	yes=0.10287118411715014
easy-fact-04	1.892604254	no=0.137955636919475	yes=0.862044363080525
easy-fact-05	1.6653721	no=0.8265674729062239	yes=0.17343252709377613
easy-fact-06	2.084267727	no=0.11683799508555312	yes=0.8831620049144469
easy-fact-07	1.49428233	no=0.8140256641765367	yes=0.18597433582346334
easy-fact-08	1.429290471	no=0.24262176512803485	yes=0.7573782348719652
easy-fact-09	1.39820114	no=0.678462196149419	yes=0.3215378038505809
easy-fact-10	1.645768059	no=0.17268734443282258	yes=0.8273126555671775
easy-fact-11	1.696620483	no=0.805679971683865	yes=0.19432002831613499
easy-extraction-00	1.907389461	credit_card=0.08553985557374114	paypal=0.8813713594161843	bank_transfer=0.010892049166797074	cash=0.022196735843277606
easy-extraction-01	2.02866183	credit_card=0.17925175254445924	paypal=0.028302572731996187	bank_transfer=0.02653205627287403	cash=0.7659136184506705
easy-extraction-02	1.683244406	credit_card=0.20191876547278373	paypal=0.039496748632052485	bank_transfer=0.7195300891860729	cash=0.03905439670909088
easy-extraction-03	1.672728703	low=0.1009299537410702	medium=0.03203369853760833	high=0.770957839062313	urgent=0.09607850865900842
easy-extraction-04	1.640161105	low=0.6584629859361919	medium=0.0859703502201728	high=0.1324038497806878	urgent=0.12316281406294757
easy-extraction-05	1.610393496	low=0.12388793488113746	medium=0.028641260945265843	high=0.08652583185795526	urgent=0.7609449723156415
easy-extraction-06	1.535562113	S=0.03526298486900937	M=0.952294524557331	L=0.007592440305684022	XL=0.004850050267975546
easy-extraction-07	1.751288127	S=0.14092614609640938	M=0.09528140545355403	L=0.1117873059616138	XL=0.6520051424884227
easy-extraction-08	1.861408906	monday=0.03452457769902942	tuesday=0.00944815760456206	wednesday=0.008070154500518498	thursday=0.947004290546898	friday=9.528196489920066E-4
easy-extraction-09	1.808695477	monday=0.758456888958103	tuesday=0.017669985617668	wednesday=0.05243478586973392	thursday=0.16590814226865316	friday=0.005530197285841844
easy-extraction-10	1.724448508	monday=0.10982691536010904	tuesday=0.060825088742821894	wednesday=0.0708293610200185	thursday=0.2869724791856245	friday=0.471546155691426
easy-extraction-11	1.784954214	credit_card=0.8498018098324663	paypal=0.037469846670484856	bank_transfer=0.013032151063081976	cash=0.09969619243396663
easy-tool_selection-00	2.534986401	get_weather=0.7937483883581423	send_email=0.04424711969621697	create_calendar_event=0.023178758665143625	convert_currency=0.10486050364860315	translate_text=0.03396522963189406
easy-tool_selection-01	2.548033446	get_weather=0.07203410795114998	send_email=0.8918711524228564	create_calendar_event=0.007388098280623506	convert_currency=0.015502365276613549	translate_text=0.013204276068756234
easy-tool_selection-02	2.642402581	get_weather=0.10534434591312063	send_email=0.053678444936089975	create_calendar_event=0.7626092144178788	convert_currency=0.0379414726741904	translate_text=0.040426522058720125
easy-tool_selection-03	2.762217792	get_weather=0.042363867618821806	send_email=0.014392275963672988	create_calendar_event=0.0035277458903480124	convert_currency=0.9332254204868233	translate_text=0.006490690040333888
easy-tool_selection-04	2.79779434	get_weather=0.11855692467894423	send_email=0.02630349168207118	create_calendar_event=0.008907130995633821	convert_currency=0.052658457893236414	translate_text=0.7935739947501143
easy-tool_selection-05	2.934150382	get_weather=0.07506942261924307	send_email=0.05050666839917671	create_calendar_event=0.7951647711030464	convert_currency=0.026007854683064227	translate_text=0.053251283195469366
easy-tool_selection-06	2.87945929	search_flights=0.9017812798416871	book_restaurant=0.022387879696630638	set_reminder=0.010670432904722067	get_stock_price=0.03747884382705317	call_taxi=0.027681563729907096
easy-tool_selection-07	2.839954329	search_flights=0.052079915964581995	book_restaurant=0.9202274014411578	set_reminder=0.007672833414718368	get_stock_price=0.01126872305686403	call_taxi=0.00875112612267791
easy-tool_selection-08	2.749343642	search_flights=0.04935391274634207	book_restaurant=0.006548137267729668	set_reminder=0.9113924050978565	get_stock_price=0.014813277842501901	call_taxi=0.017892267045569822
easy-tool_selection-09	2.687199963	search_flights=0.047648951435634766	book_restaurant=0.006023365810451721	set_reminder=0.01043656466840047	get_stock_price=0.9279348972115692	call_taxi=0.007956220873943974
easy-tool_selection-10	2.796753876	search_flights=0.09359337993129796	book_restaurant=0.013584712008982154	set_reminder=0.010098276127415913	get_stock_price=0.039433925573815955	call_taxi=0.8432897063584879
easy-tool_selection-11	3.021408227	search_flights=0.06262941524417058	book_restaurant=0.0063823904119027	set_reminder=0.9154479946875343	get_stock_price=0.011691105563227003	call_taxi=0.0038490940931654467
original-policy-01-0	2.130496557	no=0.7478267922594064	yes=0.2521732077405936
original-policy-01-1	2.124023533	no=0.8218059556714862	yes=0.17819404432851377
original-policy-02-0	1.814775589	no=0.6002020899340111	yes=0.39979791006598886
original-policy-02-1	1.816552034	no=0.7575492318449747	yes=0.24245076815502536
original-policy-03-0	1.839039492	no=0.4125987965313892	yes=0.5874012034686108
original-policy-03-1	1.894444604	no=0.7809703163996112	yes=0.21902968360038874
original-policy-04-0	2.003434578	no=0.28826552447181475	yes=0.7117344755281853
original-policy-04-1	2.180283316	no=0.5781937489187233	yes=0.4218062510812767
original-policy-05-0	2.370207333	no=0.5682749676267743	yes=0.4317250323732257
original-policy-05-1	1.906666052	no=0.7668676942277965	yes=0.23313230577220354
original-policy-06-0	2.111150867	no=0.3749203170285359	yes=0.6250796829714641
original-policy-06-1	1.923151718	no=0.25399000610819805	yes=0.746009993891802
original-intent-01-0	2.219790809	cancel=0.04084535042876308	refund=0.9139585007919786	status=0.01582309684267696	change_address=0.015064517823769998	other=0.014308534112811544
original-intent-01-1	2.265198128	cancel=0.077788921371518	refund=0.8183534620386446	status=0.03536758712543687	change_address=0.03161230388912452	other=0.036877725575276014
original-intent-02-0	2.485764239	cancel=0.07707271736854938	refund=0.04012487560803537	status=0.39382898601279315	change_address=0.20388795306553006	other=0.28508546794509204
original-intent-02-1	2.290528107	cancel=0.07683996781657733	refund=0.021787399026437688	status=0.7427841503730015	change_address=0.09575810977809232	other=0.06283037300589114
original-intent-03-0	2.218871438	cancel=0.04880798216415074	refund=0.037364571238021206	status=0.0447911995510191	change_address=0.8496816878338835	other=0.01935455921292525
original-intent-03-1	2.194689003	cancel=0.05216247090892175	refund=0.014432569427889955	status=0.015404881033555385	change_address=0.8940549596461163	other=0.02394511898351676
original-intent-04-0	2.344394506	cancel=0.5042274254192438	refund=0.20421882909690822	status=0.038200739285418124	change_address=0.03494911921900682	other=0.218403886979423
original-intent-04-1	2.281976417	cancel=0.5510311345566274	refund=0.10979478801155092	status=0.07419259593700957	change_address=0.10841137362259286	other=0.1565701078722192
original-intent-05-0	2.278117572	cancel=0.19099450979043192	refund=0.4902911648280056	status=0.0979163760168202	change_address=0.09805355434761692	other=0.12274439501712521
original-intent-05-1	2.240406464	cancel=0.1369345571568898	refund=0.6756617801492054	status=0.07802109859000902	change_address=0.047139674688836966	other=0.06224288941505881
original-intent-06-0	2.464823987	cancel=0.15318111712844212	refund=0.03412298270208874	status=0.7258118183955817	change_address=0.036759540146824456	other=0.05012454162706284
original-intent-06-1	2.554433828	cancel=0.09235798527278724	refund=0.0371492549510131	status=0.7929101695014187	change_address=0.05072512636775703	other=0.026857463907023857
original-ordinal-01-0	2.40430811	0=0.44032255558116185	1=0.2741879147427344	2=0.2405228463132621	3=0.04496668336284161
original-ordinal-01-1	2.461833596	0=0.5082153427312973	1=0.35705959926063147	2=0.10642049501644162	3=0.028304562991629496
original-ordinal-02-0	2.510489859	0=0.2896669706116305	1=0.6010098147864569	2=0.08655758405575563	3=0.022765630546157007
original-ordinal-02-1	2.524919024	0=0.4000138225129134	1=0.5394614722927207	2=0.04276851966831962	3=0.01775618552604617
original-ordinal-03-0	2.491012922	0=0.24549278530255195	1=0.31231763563302056	2=0.4065403032737679	3=0.03564927579065947
original-ordinal-03-1	2.731698702	0=0.28917461358036006	1=0.3365468613484871	2=0.26196451741683047	3=0.11231400765432231
original-ordinal-04-0	2.513628489	0=0.18544163275719142	1=0.07293689835622086	2=0.07468734256111302	3=0.6669341263254748
original-ordinal-04-1	2.515656653	0=0.2275569240835386	1=0.10902713745490815	2=0.1380900308955031	3=0.5253259075660502
original-ordinal-05-0	2.550870243	0=0.5569057097097008	1=0.17421603419888101	2=0.22634246569118713	3=0.042535790400231054
original-ordinal-05-1	2.501258518	0=0.5309263000341583	1=0.27377586361937944	2=0.15427042659220627	3=0.04102740975425601
original-ordinal-06-0	2.552212711	0=0.22484725260157024	1=0.25576641890973845	2=0.46554656635864694	3=0.05383976213004442
original-ordinal-06-1	2.665856262	0=0.29669457070422534	1=0.07350460104998366	2=0.6111534260390992	3=0.018647402206691865
original-extraction-01-0	1.855919991	courier=0.2636297936841408	pickup=0.4257665298388615	post=0.0135169667709527	unknown=0.29708670970604495
original-extraction-01-1	2.137121792	courier=0.05437806438245932	pickup=0.8939067826740481	post=0.01263712447247689	unknown=0.03907802847101567
original-extraction-02-0	2.135382489	courier=0.12347867653885594	pickup=0.05566235734438264	post=0.3598106740806181	unknown=0.4610482920361433
original-extraction-02-1	1.936690345	courier=0.07910087747991419	pickup=0.031729566120423304	post=0.14277549578045606	unknown=0.7463940606192064
original-extraction-03-0	1.97953414	courier=0.479799019082239	pickup=0.2599200452925453	post=0.009954711112204213	unknown=0.25032622451301145
original-extraction-03-1	1.9637836	courier=0.4469001858303737	pickup=0.2770344837965142	post=0.018753306378520962	unknown=0.2573120239945912
original-extraction-04-0	1.915618675	courier=0.04223566006876974	pickup=0.08876700870573287	post=0.728287634425148	unknown=0.1407096968003494
original-extraction-04-1	1.918035125	courier=0.09756243733241901	pickup=0.029425180250977154	post=0.7869275449360206	unknown=0.08608483748058325
original-extraction-05-0	2.256320945	courier=0.046106653315033226	pickup=0.02182673195969502	post=0.03393582134583738	unknown=0.8981307933794345
original-extraction-05-1	1.906439442	courier=0.14188840379057108	pickup=0.058419724677387645	post=0.025017434181067957	unknown=0.7746744373509733
original-extraction-06-0	2.021736545	courier=0.4338992066021519	pickup=0.07638803729447816	post=0.20407748476691348	unknown=0.28563527133645644
original-extraction-06-1	1.980520489	courier=0.27137194632007705	pickup=0.10516529354832406	post=0.04180932959364302	unknown=0.5816534305379559
original-adequacy-01-0	1.721996173	no=0.32429244672455787	yes=0.6757075532754422
original-adequacy-01-1	1.646116615	no=0.40463425677854653	yes=0.5953657432214535
original-adequacy-02-0	1.620377086	no=0.6194202479911206	yes=0.38057975200887934
original-adequacy-02-1	1.744195446	no=0.8374017996354635	yes=0.16259820036453662
original-adequacy-03-0	1.947304663	no=0.37914443835006956	yes=0.6208555616499304
original-adequacy-03-1	1.975438286	no=0.5446933110799715	yes=0.45530668892002835
original-adequacy-04-0	1.79049784	no=0.2137659271912613	yes=0.7862340728087387
original-adequacy-04-1	1.69107291	no=0.5490517932795567	yes=0.45094820672044333
original-adequacy-05-0	1.566690889	no=0.7156033664305886	yes=0.28439663356941125
original-adequacy-05-1	1.532513209	no=0.4623986062059381	yes=0.5376013937940618
original-adequacy-06-0	2.000204254	no=0.4981429662262742	yes=0.5018570337737257
original-adequacy-06-1	2.167721627	no=0.8059706565959107	yes=0.19402934340408926
original-routing-01-0	3.01315278	math=0.6693004011774363	coding=0.13496709100611615	coding_agent=0.058423058581941696	document=0.016559940947023705	tools=0.017102498937738998	general=0.1036470093497432
original-routing-01-1	2.787911669	math=0.5826342316629352	coding=0.2416554025671064	coding_agent=0.06589099588854622	document=0.03613022452220475	tools=0.013225437291966902	general=0.06046370806724063
original-routing-02-0	2.953466404	math=0.08224988363077641	coding=0.6751192280453526	coding_agent=0.20248767652817187	document=0.007673477201927443	tools=0.004986051045156927	general=0.027483683548614624
original-routing-02-1	2.78941609	math=0.09532154001040835	coding=0.6453571429148705	coding_agent=0.18546516513899586	document=0.0070700856831075005	tools=0.0066999665495423725	general=0.060086099703075546
original-routing-03-0	2.900363407	math=0.11753372482364259	coding=0.16838080395352598	coding_agent=0.684198175052821	document=0.009757403720825873	tools=0.0034719368268688183	general=0.016657955622315798
original-routing-03-1	2.969413312	math=0.11834692364861045	coding=0.08051854675305893	coding_agent=0.773879761825282	document=0.010058720250643577	tools=0.003958464256432684	general=0.01323758326597257
original-routing-04-0	2.862589044	math=0.10131573957483102	coding=0.1094857682464166	coding_agent=0.40987703815834864	document=0.3182222814495093	tools=0.02178741853249501	general=0.039311754038399406
original-routing-04-1	3.053031093	math=0.10738510363028231	coding=0.06729081727775886	coding_agent=0.27195118918024197	document=0.4399150047580912	tools=0.0316013152008502	general=0.08185656995277563
original-routing-05-0	3.224513248	math=0.25092610380446234	coding=0.0928532903703969	coding_agent=0.36374340783864784	document=0.057848170830962185	tools=0.16472559550946558	general=0.06990343164606513
original-routing-05-1	2.827575697	math=0.09886340284292985	coding=0.10652049846633713	coding_agent=0.7318167407708972	document=0.02249946723655175	tools=0.015695419997487782	general=0.024604470685796437
original-routing-06-0	2.836815826	math=0.13225730868249874	coding=0.06509656415565018	coding_agent=0.25919875826060057	document=0.0358632048330687	tools=0.05089223251171733	general=0.45669193155646437
original-routing-06-1	2.905863418	math=0.11789987513264641	coding=0.09649541337776	coding_agent=0.33977725208906917	document=0.03955634330262575	tools=0.06161481456455733	general=0.3446563015333413
