easy-intent-00	1.560424006	track_order=0.9360191624651332	cancel_order=0.025387186838457025	change_address=0.012287287532641532	report_damage=0.018448481931902874	billing_question=0.007857881231865177
easy-intent-01	1.552128647	track_order=0.016101258527748918	cancel_order=0.9685769594466378	change_address=0.006954867914899627	report_damage=0.005529358010272237	billing_question=0.0028375561004414895
easy-intent-02	1.599607473	track_order=0.027541604170199695	cancel_order=0.0099978888575968	change_address=0.937536853115374	report_damage=0.018280522992399788	billing_question=0.006643130864429526
easy-intent-03	1.608581428	track_order=0.015592504019079174	cancel_order=0.0020965974991872683	change_address=0.0016979427868522815	report_damage=0.979908457114489	billing_question=7.044985803922111E-4
easy-intent-04	1.530804694	track_order=0.10620689982648623	cancel_order=0.03140814570358599	change_address=0.017686435358463988	report_damage=0.037999799652993965	billing_question=0.8066987194584698
easy-intent-05	1.409155759	track_order=0.9677618636927369	cancel_order=0.006520305290743973	change_address=0.007032443452210005	report_damage=0.014628830047166506	billing_question=0.00405655751714285
easy-intent-06	1.392263238	set_alarm=0.9825477938779391	play_music=0.002070293879407937	weather=0.0038414022310955627	send_message=0.008409796392165145	turn_off_lights=0.0031307136193923345
easy-intent-07	1.215622112	set_alarm=0.030329646514059196	play_music=0.9582727175914174	weather=0.0058408506481775774	send_message=0.003751118224785058	turn_off_lights=0.001805667021560614
easy-intent-08	1.428013951	set_alarm=0.01780207478687782	play_music=0.007491462334269333	weather=0.9273236878640373	send_message=0.04097072696987834	turn_off_lights=0.006412048044937314
easy-intent-09	1.341179401	set_alarm=0.057924847116680715	play_music=0.007275786617302664	weather=0.008898426726814996	send_message=0.9227477360080457	turn_off_lights=0.0031532035311558357
easy-intent-10	1.271837623	set_alarm=0.02099976030876508	play_music=0.002285116829034944	weather=0.004840638225309267	send_message=0.006397105572527979	turn_off_lights=0.9654773790643627
easy-intent-11	1.235797116	set_alarm=0.9805524836454532	play_music=0.003342776346782784	weather=0.007545703004011989	send_message=0.006252434500357888	turn_off_lights=0.002306602503393963
easy-fact-00	1.206837748	no=0.11687007948348135	yes=0.8831299205165186
easy-fact-01	1.184896966	no=0.9881312816042503	yes=0.011868718395749796
easy-fact-02	1.4186405	no=0.06169708840528969	yes=0.9383029115947102
easy-fact-03	1.667263779	no=0.9704795820559371	yes=0.02952041794406276
easy-fact-04	1.194453622	no=0.06832713867162243	yes=0.9316728613283777
easy-fact-05	1.176075031	no=0.9113211577218413	yes=0.0886788422781586
easy-fact-06	1.727865177	no=0.0742800139567035	yes=0.9257199860432964
easy-fact-07	1.058778064	no=0.9506154430911604	yes=0.04938455690883971
easy-fact-08	0.97213607	no=0.10719500330908399	yes=0.8928049966909161
easy-fact-09	1.042239236	no=0.9043364907744341	yes=0.09566350922556588
easy-fact-10	1.430876815	no=0.4109474136484649	yes=0.5890525863515351
easy-fact-11	1.359903851	no=0.9341307754081165	yes=0.06586922459188344
easy-extraction-00	0.98644224	credit_card=0.1491690952746555	paypal=0.8139445197386885	bank_transfer=0.017210527838514875	cash=0.019675857148141126
easy-extraction-01	1.017257677	credit_card=0.024895706381718966	paypal=0.0018988512163286779	bank_transfer=0.010279581659967327	cash=0.9629258607419849
easy-extraction-02	1.056322444	credit_card=0.09642175705075856	paypal=0.009222269190630692	bank_transfer=0.8811783981137786	cash=0.013177575644832048
easy-extraction-03	1.172638276	low=0.03529240269445106	medium=0.008798011088047024	high=0.9355668604600925	urgent=0.02034272575740936
easy-extraction-04	1.224795274	low=0.9902022368654408	medium=0.002636237627730426	high=0.005113912265804499	urgent=0.002047613241024195
easy-extraction-05	1.284109775	low=0.01055086481051192	medium=0.003036218573323773	high=0.0023270816321554794	urgent=0.9840858349840088
easy-extraction-06	1.063384328	S=0.018672697654232056	M=0.9480784749266092	L=0.01957387725654512	XL=0.013674950162613669
easy-extraction-07	1.017327891	S=0.2522185573126765	M=0.08344966234243918	L=0.15761382820740882	XL=0.5067179521374755
easy-extraction-08	1.271579015	monday=0.007902213373142022	tuesday=0.00157913489493481	wednesday=0.0011923005239814178	thursday=0.9887380859136885	friday=5.882652942532391E-4
easy-extraction-09	1.414718383	monday=0.9792966131021665	tuesday=0.007337929548266924	wednesday=0.00343989080509669	thursday=0.008124059656765548	friday=0.0018015068877041966
easy-extraction-10	1.198541716	monday=0.06881471653571923	tuesday=0.01864441458869421	wednesday=0.01045347321015836	thursday=0.05462731469914815	friday=0.84746008096628
easy-extraction-11	1.237634343	credit_card=0.938030632072374	paypal=0.018259442432050882	bank_transfer=0.015991536618595766	cash=0.027718388876979323
easy-tool_selection-00	1.537938948	get_weather=0.8578786878910803	send_email=0.02506274796978294	create_calendar_event=0.023997448263311377	convert_currency=0.06234682958507058	translate_text=0.030714286290754768
easy-tool_selection-01	1.348765605	get_weather=0.02569241415468157	send_email=0.9310644416674415	create_calendar_event=0.009894063720882775	convert_currency=0.014251473967229675	translate_text=0.01909760648976465
easy-tool_selection-02	1.382925361	get_weather=0.04556994528788969	send_email=0.010896496232612279	create_calendar_event=0.909628405182003	convert_currency=0.028140475608651107	translate_text=0.005764677688843697
easy-tool_selection-03	1.382636459	get_weather=0.0359034349385443	send_email=0.007403039601021179	create_calendar_event=0.007727187713502449	convert_currency=0.9320910383772368	translate_text=0.016875299369695135
easy-tool_selection-04	1.246852538	get_weather=0.05650347499241131	send_email=0.0072859858758987815	create_calendar_event=0.01882433653468463	convert_currency=0.025700168208944957	translate_text=0.8916860343880603
easy-tool_selection-05	1.530274068	get_weather=0.04535362903455495	send_email=0.027378161401307242	create_calendar_event=0.8849810283007802	convert_currency=0.03218754027130804	translate_text=0.010099640992049496
easy-tool_selection-06	1.732318382	search_flights=0.9749266203369236	book_restaurant=0.0073942149491827425	set_reminder=0.006287321529720679	get_stock_price=0.009050168948179877	call_taxi=0.0023416742359931115
easy-tool_selection-07	1.49565488	search_flights=0.10124005156086867	book_restaurant=0.8637816146009414	set_reminder=0.016576517326766665	get_stock_price=0.012124643972833618	call_taxi=0.006277172538589541
easy-tool_selection-08	1.470238466	search_flights=0.019217483508806817	book_restaurant=0.0031685889439952482	set_reminder=0.9641930569176366	get_stock_price=0.010465676969486888	call_taxi=0.002955193660074645
easy-tool_selection-09	1.445644726	search_flights=0.020580884656706624	book_restaurant=0.005760247997064644	set_reminder=0.0066134406547581435	get_stock_price=0.9655325959743223	call_taxi=0.0015128307171484716
easy-tool_selection-10	1.454815768	search_flights=0.039832262399965394	book_restaurant=0.002055166803386406	set_reminder=0.013536292466589862	get_stock_price=0.005996316701666474	call_taxi=0.9385799616283917
easy-tool_selection-11	1.536796983	search_flights=0.04249317530131943	book_restaurant=0.0022149091831299796	set_reminder=0.9499982866903931	get_stock_price=0.0040949103568640325	call_taxi=0.0011987184682934744
original-policy-01-0	1.714176339	no=0.8408270145049676	yes=0.15917298549503245
original-policy-01-1	1.911099594	no=0.6747637338565857	yes=0.3252362661434143
original-policy-02-0	1.621560565	no=0.5291702524024631	yes=0.4708297475975369
original-policy-02-1	1.54958092	no=0.6958545909995874	yes=0.30414540900041276
original-policy-03-0	1.388373177	no=0.40716304152402055	yes=0.5928369584759795
original-policy-03-1	1.36100279	no=0.8312653448120138	yes=0.16873465518798622
original-policy-04-0	1.583549951	no=0.4535790289451473	yes=0.5464209710548528
original-policy-04-1	1.478353481	no=0.7214818889956289	yes=0.278518111004371
original-policy-05-0	1.741187807	no=0.8056402529375375	yes=0.19435974706246237
original-policy-05-1	1.70451505	no=0.6717465240841373	yes=0.32825347591586285
original-policy-06-0	1.707983872	no=0.5603574414902421	yes=0.4396425585097579
original-policy-06-1	1.436016684	no=0.6604427643550363	yes=0.33955723564496354
original-intent-01-0	1.357354708	cancel=0.16011908307761138	refund=0.7188382223771859	status=0.037125574059898414	change_address=0.04691183674660117	other=0.03700528373870304
original-intent-01-1	1.371230044	cancel=0.36244860933175843	refund=0.5211470980588945	status=0.03746105484363905	change_address=0.03273399566024034	other=0.04620924210546774
original-intent-02-0	1.40376695	cancel=0.24186201813468078	refund=0.06994542577540185	status=0.25764253721630626	change_address=0.3363780604049299	other=0.09417195846868125
original-intent-02-1	1.465170862	cancel=0.2607144121879617	refund=0.05123837123441381	status=0.5340001104477988	change_address=0.10389786607476127	other=0.05014924005506444
original-intent-03-0	1.520056144	cancel=0.07258905540226397	refund=0.015298311650066686	status=0.013086961775917401	change_address=0.8916867909362274	other=0.007338880235524538
original-intent-03-1	1.604861901	cancel=0.09133009630070339	refund=0.011712882787406165	status=0.015973148499879963	change_address=0.8750627439806609	other=0.0059211284313495345
original-intent-04-0	1.7041734	cancel=0.9460818611948395	refund=0.015225908208596926	status=0.020243259661742927	change_address=0.010590410873658425	other=0.007858560061162041
original-intent-04-1	1.351225246	cancel=0.8762144336997402	refund=0.03360933349405263	status=0.025915586681500197	change_address=0.02742130399674711	other=0.036839342127959966
original-intent-05-0	1.380787624	cancel=0.4706878571468373	refund=0.3946713572963554	status=0.03696908383966774	change_address=0.052139935611421516	other=0.04553176610571786
original-intent-05-1	1.30984376	cancel=0.4066635887715861	refund=0.4786032405423516	status=0.04045733557656346	change_address=0.032210673737961035	other=0.04206516137153779
original-intent-06-0	1.302416806	cancel=0.11829096739652499	refund=0.06603717252114283	status=0.7533117294881112	change_address=0.03760105511838789	other=0.02475907547583288
original-intent-06-1	1.523309799	cancel=0.09114166088166926	refund=0.025352511754659985	status=0.841793508452252	change_address=0.027799101521172265	other=0.013913217390246596
original-ordinal-01-0	1.524570553	0=0.2579388087393568	1=0.21965849292993905	2=0.24690603966652946	3=0.27549665866417467
original-ordinal-01-1	1.292923036	0=0.3218867973229491	1=0.23695182347862642	2=0.21899753133092342	3=0.22216384786750107
original-ordinal-02-0	1.362574973	0=0.37073133714868717	1=0.23627586492645128	2=0.19289865715676646	3=0.2000941407680951
original-ordinal-02-1	1.591017905	0=0.4107694631469326	1=0.24142088335868397	2=0.17497354145746707	3=0.1728361120369164
original-ordinal-03-0	1.285892431	0=0.3436089015572876	1=0.2277240918703381	2=0.18386587473274285	3=0.24480113183963134
original-ordinal-03-1	1.344565483	0=0.33015002376089153	1=0.2443472678939859	2=0.1990450918012867	3=0.22645761654383578
original-ordinal-04-0	1.331298804	0=0.3174479546360951	1=0.1918673717128277	2=0.182496104939909	3=0.30818856871116834
original-ordinal-04-1	1.403002804	0=0.40935114286189034	1=0.17960994831669772	2=0.1725596133324041	3=0.23847929548900781
original-ordinal-05-0	1.676491019	0=0.6099380696062875	1=0.15161318365963752	2=0.11027306584306494	3=0.12817568089100997
original-ordinal-05-1	1.611013317	0=0.3494335712019889	1=0.2388381149628255	2=0.2047767097900285	3=0.2069516040451572
original-ordinal-06-0	1.419499901	0=0.32075378122476306	1=0.23985895928297882	2=0.21829994686476692	3=0.22108731262749118
original-ordinal-06-1	1.602489973	0=0.3168955941728509	1=0.23642753632832472	2=0.20580867961182123	3=0.24086818988700306
original-extraction-01-0	1.398501038	courier=0.1558161635365786	pickup=0.7189176190165624	post=0.006802570850594303	unknown=0.11846364659626459
original-extraction-01-1	1.46848337	courier=0.04326250504047976	pickup=0.7846916651159157	post=0.015506756189744031	unknown=0.15653907365386044
original-extraction-02-0	1.630557102	courier=0.11462012968505694	pickup=0.05215745185280346	post=0.4511112238516116	unknown=0.38211119461052795
original-extraction-02-1	1.779883973	courier=0.020473028484191615	pickup=0.00970755025906397	post=0.0295099084983383	unknown=0.940309512758406
original-extraction-03-0	1.618295941	courier=0.654811611053468	pickup=0.13956270380417599	post=0.00521082397868965	unknown=0.20041486116366633
original-extraction-03-1	1.582034912	courier=0.6884529363768557	pickup=0.16112957842162165	post=0.016219390028881356	unknown=0.1341980951726413
original-extraction-04-0	1.51627734	courier=0.08051948308408217	pickup=0.12395215760700802	post=0.6832560605486911	unknown=0.11227229876021878
original-extraction-04-1	1.379536434	courier=0.11800592232319608	pickup=0.007985612719369416	post=0.7505796840664936	unknown=0.12342878089094098
original-extraction-05-0	1.492871098	courier=0.04185080181817805	pickup=0.04131544300917685	post=0.017335520034471724	unknown=0.8994982351381734
original-extraction-05-1	1.352325897	courier=0.0869792976542422	pickup=0.06946534956312789	post=0.01367182189220751	unknown=0.8298835308904224
original-extraction-06-0	1.581185212	courier=0.7965956799276096	pickup=0.01977109976094879	post=0.05253987746658555	unknown=0.1310933428448562
original-extraction-06-1	1.703420992	courier=0.5497754139709812	pickup=0.06760879425034794	post=0.0228954271277467	unknown=0.35972036465092433
original-adequacy-01-0	1.414368775	no=0.20002517758093802	yes=0.7999748224190619
original-adequacy-01-1	1.081764076	no=0.4210486654649536	yes=0.5789513345350463
original-adequacy-02-0	1.15526337	no=0.6772501754223763	yes=0.32274982457762375
original-adequacy-02-1	1.206636902	no=0.9816934708561024	yes=0.018306529143897774
original-adequacy-03-0	1.159835416	no=0.2068912320573853	yes=0.7931087679426146
original-adequacy-03-1	1.401184726	no=0.5868674137242083	yes=0.4131325862757917
original-adequacy-04-0	1.44531802	no=0.13270630353649832	yes=0.8672936964635016
original-adequacy-04-1	1.213615378	no=0.46341484391139015	yes=0.5365851560886099
original-adequacy-05-0	1.032423352	no=0.63251649773963	yes=0.3674835022603699
original-adequacy-05-1	1.041693465	no=0.3348485281068962	yes=0.6651514718931039
original-adequacy-06-0	1.429469629	no=0.38089522208364845	yes=0.6191047779163514
original-adequacy-06-1	1.459596607	no=0.5692400799214611	yes=0.43075992007853886
original-routing-01-0	1.789616936	math=0.6860352426969145	coding=0.018605594273815824	coding_agent=0.06474764501266485	document=0.02631735940246383	tools=0.010076133511159208	general=0.19421802510298183
original-routing-01-1	1.815505881	math=0.6960577679060821	coding=0.01868385161385025	coding_agent=0.09079027384188768	document=0.05048360305153368	tools=0.011666048330759167	general=0.132318455255887
original-routing-02-0	1.866157289	math=0.0802893498921851	coding=0.1913795845122691	coding_agent=0.468314936806518	document=0.028494147640141333	tools=0.01444737667246096	general=0.21707460447642557
original-routing-02-1	1.519286253	math=0.08747843748438701	coding=0.21582307382559243	coding_agent=0.4971053253710138	document=0.021508285493391906	tools=0.007278556810129059	general=0.17080632101548565
original-routing-03-0	1.673939823	math=0.33804509523100795	coding=0.11659463854358254	coding_agent=0.4402510721625808	document=0.030863406028090346	tools=0.011854254432769221	general=0.06239153360196895
original-routing-03-1	1.69436416	math=0.41987956164059664	coding=0.09564811574953176	coding_agent=0.40905851600308685	document=0.02836887140082521	tools=0.011020432885546877	general=0.03602450232041277
original-routing-04-0	1.569141409	math=0.12588914753481162	coding=0.08978677388456294	coding_agent=0.5352470405752471	document=0.12831823271591714	tools=0.024870595265034278	general=0.09588821002442706
original-routing-04-1	1.62868079	math=0.15995041349154124	coding=0.07472655829831333	coding_agent=0.32735544236184677	document=0.28264513182144074	tools=0.03541448685955128	general=0.11990796716730658
original-routing-05-0	1.820505858	math=0.39222449730865533	coding=0.07084419140872066	coding_agent=0.31610822289710877	document=0.057709622473269336	tools=0.09236582272325082	general=0.07074764318899512
original-routing-05-1	1.760605462	math=0.18556652793986483	coding=0.07232679567532144	coding_agent=0.6029662242614786	document=0.050063772599858544	tools=0.01604651522407405	general=0.07303016429940261
original-routing-06-0	1.582931785	math=0.10940900484495676	coding=0.06437125434808133	coding_agent=0.3742610331588943	document=0.0713655085515892	tools=0.021223459702290275	general=0.3593697393941881
original-routing-06-1	1.537379694	math=0.16130250144482222	coding=0.10147775828613456	coding_agent=0.24835547402431518	document=0.11819209051802375	tools=0.026266348321311247	general=0.34440582740539294
