easy-intent-00	2.86863654	track_order=0.9595392410807241	cancel_order=0.020627196338947995	change_address=0.005253024369296729	report_damage=0.005360085438202556	billing_question=0.009220452772828512
easy-intent-01	2.772160288	track_order=0.04196006417215009	cancel_order=0.9475331696341194	change_address=0.001736792871513727	report_damage=0.00428616748116272	billing_question=0.004483805841053872
easy-intent-02	2.77567207	track_order=0.07536557964393333	cancel_order=0.010306367724584287	change_address=0.8906481334591901	report_damage=0.01645368842619887	billing_question=0.007226230746093428
easy-intent-03	2.683979369	track_order=0.034432955538767795	cancel_order=0.0016096170128401628	change_address=0.005913371902862999	report_damage=0.957041764808086	billing_question=0.001002290737442909
easy-intent-04	2.762290851	track_order=0.052856371944784	cancel_order=0.005566856828525652	change_address=0.005529501408789701	report_damage=0.03960522830913437	billing_question=0.8964420415087663
easy-intent-05	2.625318143	track_order=0.9839276684371451	cancel_order=0.004887867761461593	change_address=0.003418444146362369	report_damage=0.0030145001365282816	billing_question=0.00475151951850263
easy-intent-06	2.525509936	set_alarm=0.9786085218389942	play_music=0.0042047460269846034	weather=0.004433670052256581	send_message=0.0054507567464674505	turn_off_lights=0.0073023053352971
easy-intent-07	2.342785845	set_alarm=0.07678558455353514	play_music=0.9132094429882308	weather=0.00470704806396247	send_message=0.00275747070908049	turn_off_lights=0.0025404536851910482
easy-intent-08	2.509566683	set_alarm=0.040597355527671256	play_music=0.01728500242337145	weather=0.9132815948927775	send_message=0.02317915375000718	turn_off_lights=0.005656893406172705
easy-intent-09	2.750427446	set_alarm=0.03642278273901915	play_music=0.004118947120119299	weather=0.011879849441329483	send_message=0.9445824286989122	turn_off_lights=0.0029959920006198924
easy-intent-10	2.373789673	set_alarm=0.097834669644073	play_music=0.013615181098148925	weather=0.007688301654821557	send_message=0.01704520937207425	turn_off_lights=0.8638166382308823
easy-intent-11	2.373153323	set_alarm=0.9630426114672703	play_music=0.004228181547465556	weather=0.006287085828271261	send_message=0.01594237287797139	turn_off_lights=0.010499748279021327
easy-fact-00	1.638927858	no=0.19583111897003772	yes=0.8041688810299623
easy-fact-01	1.58921542	no=0.8787757290640575	yes=0.1212242709359424
easy-fact-02	1.893817457	no=0.13217605781062552	yes=0.8678239421893744
easy-fact-03	2.082010814	no=0.9218045045683805	yes=0.07819549543161941
easy-fact-04	1.618804242	no=0.27064999358901415	yes=0.7293500064109859
easy-fact-05	1.616830199	no=0.826932465384375	yes=0.17306753461562502
easy-fact-06	2.060424438	no=0.2820157966967279	yes=0.7179842033032722
easy-fact-07	1.508504765	no=0.8220206466872605	yes=0.17797935331273942
easy-fact-08	1.393775413	no=0.4408068025187299	yes=0.5591931974812702
easy-fact-09	1.456952146	no=0.7476436652943691	yes=0.2523563347056309
easy-fact-10	1.920080285	no=0.16183443091583793	yes=0.8381655690841622
easy-fact-11	1.609921615	no=0.7583198010741979	yes=0.2416801989258022
easy-extraction-00	1.589837702	credit_card=0.07838685280487999	paypal=0.9080906216881446	bank_transfer=0.0045975440675859545	cash=0.008924981439389613
easy-extraction-01	1.689835637	credit_card=0.0732822561023052	paypal=0.0075929564462107885	bank_transfer=0.00872823647687197	cash=0.9103965509746121
easy-extraction-02	1.623258624	credit_card=0.10296701841403462	paypal=0.014692100896585032	bank_transfer=0.8726051808245071	cash=0.009735699864873134
easy-extraction-03	1.794085072	low=0.102738249221051	medium=0.061180361863069896	high=0.6511438966083819	urgent=0.1849374923074972
easy-extraction-04	1.838162264	low=0.9558828981832678	medium=0.009774074875086722	high=0.012216615219047856	urgent=0.022126411722597644
easy-extraction-05	1.651171796	low=0.03380362458982839	medium=0.005024963392923426	high=0.008533440003541653	urgent=0.9526379720137066
easy-extraction-06	1.477834237	S=0.05118112911506505	M=0.9355713446078441	L=0.006881445188291365	XL=0.006366081088799364
easy-extraction-07	1.457223132	S=0.06973158842348136	M=0.021933063518390226	L=0.034861820923558474	XL=0.8734735271345699
easy-extraction-08	1.723867844	monday=0.018666990644416886	tuesday=0.00273193336328164	wednesday=0.021031180068989123	thursday=0.9569629365547553	friday=6.069593685570323E-4
easy-extraction-09	1.773038814	monday=0.9572273988887158	tuesday=0.008173392723860001	wednesday=0.017551218890835336	thursday=0.012410298872616505	friday=0.004637690623972296
easy-extraction-10	1.694014796	monday=0.040476514113748134	tuesday=0.009139909334976172	wednesday=0.010160952461526328	thursday=0.06122009081899553	friday=0.879002533270754
easy-extraction-11	1.78583317	credit_card=0.9600790452242648	paypal=0.007872293987615723	bank_transfer=0.005343863418028838	cash=0.026704797370090474
easy-tool_selection-00	2.760020184	get_weather=0.9194177292136959	send_email=0.011625155613842895	create_calendar_event=0.010765013371267703	convert_currency=0.02579404399322439	translate_text=0.03239805780796917
easy-tool_selection-01	2.825280509	get_weather=0.026787265549995703	send_email=0.9610309753772517	create_calendar_event=0.0036650828757514675	convert_currency=0.004160952404076243	translate_text=0.004355723792925056
easy-tool_selection-02	2.582990764	get_weather=0.06269697962385432	send_email=0.014978736692884808	create_calendar_event=0.8980838032021693	convert_currency=0.01063623296648905	translate_text=0.013604247514602565
easy-tool_selection-03	2.540380294	get_weather=0.015057998061060224	send_email=0.002004807499832955	create_calendar_event=0.0011434842051957822	convert_currency=0.9802146663567396	translate_text=0.0015790438771715873
easy-tool_selection-04	2.436955828	get_weather=0.06819491852147122	send_email=0.007768798282433161	create_calendar_event=0.003908804468932909	convert_currency=0.010848009539729872	translate_text=0.9092794691874327
easy-tool_selection-05	2.595128935	get_weather=0.06455264518771739	send_email=0.017705566923862978	create_calendar_event=0.8981383427281517	convert_currency=0.008274400586861816	translate_text=0.01132904457340607
easy-tool_selection-06	2.869737208	search_flights=0.9853805207580043	book_restaurant=0.0027308880533503626	set_reminder=0.0019210642661396029	get_stock_price=0.005323343573908621	call_taxi=0.00464418334859694
easy-tool_selection-07	3.034635726	search_flights=0.03657485293640303	book_restaurant=0.9358533441816218	set_reminder=0.0070839512824227395	get_stock_price=0.011003956110479938	call_taxi=0.009483895489072316
easy-tool_selection-08	2.794655779	search_flights=0.019658591797218745	book_restaurant=0.0018892694641476934	set_reminder=0.9694434547363042	get_stock_price=0.005150801532126575	call_taxi=0.0038578824702025674
easy-tool_selection-09	2.721705533	search_flights=0.013799381230315488	book_restaurant=0.0015768219722461128	set_reminder=0.0021789505899764096	get_stock_price=0.9797730592204368	call_taxi=0.0026717869870251237
easy-tool_selection-10	2.707442262	search_flights=0.06679336031490361	book_restaurant=0.006505090903586901	set_reminder=0.0070706636315386465	get_stock_price=0.018228274241869825	call_taxi=0.9014026109081009
easy-tool_selection-11	2.907403385	search_flights=0.01923024678737628	book_restaurant=0.0015073818017968946	set_reminder=0.9747990144277918	get_stock_price=0.0035955947454675034	call_taxi=8.677622375676617E-4
original-policy-01-0	2.037022645	no=0.7578621050580615	yes=0.24213789494193846
original-policy-01-1	2.12037915	no=0.8155176089500435	yes=0.18448239104995634
original-policy-02-0	1.850614537	no=0.3502876702582531	yes=0.649712329741747
original-policy-02-1	2.089517445	no=0.689439175357169	yes=0.31056082464283086
original-policy-03-0	2.119090596	no=0.38917330996744154	yes=0.6108266900325584
original-policy-03-1	1.90127961	no=0.8260063718528752	yes=0.1739936281471248
original-policy-04-0	2.047504213	no=0.410840993387177	yes=0.5891590066128229
original-policy-04-1	1.942019359	no=0.6705745734893995	yes=0.3294254265106005
original-policy-05-0	2.092388566	no=0.7999569673527313	yes=0.2000430326472688
original-policy-05-1	2.053090025	no=0.7884196843163537	yes=0.21158031568364627
original-policy-06-0	2.382588354	no=0.4422215026886594	yes=0.5577784973113405
original-policy-06-1	1.973204451	no=0.29904301587625015	yes=0.7009569841237498
original-intent-01-0	2.249068219	cancel=0.06775175070627869	refund=0.900982914010851	status=0.010917218576475611	change_address=0.007492804366534896	other=0.01285531233985969
original-intent-01-1	2.276281858	cancel=0.15240016379939214	refund=0.7940499678156507	status=0.01533363241112985	change_address=0.008363715397773433	other=0.029852520576053903
original-intent-02-0	2.249107173	cancel=0.1078630232130811	refund=0.0383726603017765	status=0.5615482522921965	change_address=0.09449009219159143	other=0.19772597200135447
original-intent-02-1	2.218302415	cancel=0.09619522733729244	refund=0.02569680585290459	status=0.8268481370730996	change_address=0.02114033747929596	other=0.03011949225740737
original-intent-03-0	2.389785543	cancel=0.049896182516324744	refund=0.006933833078903822	status=0.0014219711863046602	change_address=0.9395130155394449	other=0.0022349976790217527
original-intent-03-1	2.48271162	cancel=0.048158038773515766	refund=0.005935966731815732	status=0.0018514266546949716	change_address=0.9379671379164253	other=0.0060874299235483134
original-intent-04-0	2.424441591	cancel=0.6097566189608306	refund=0.16676735220298558	status=0.02308420035284849	change_address=0.02111892691738167	other=0.17927290156595382
original-intent-04-1	2.182362382	cancel=0.6567629326430565	refund=0.11801237116650609	status=0.022187617159948547	change_address=0.030487325127881833	other=0.17254975390260696
original-intent-05-0	2.215297262	cancel=0.11435817659228721	refund=0.8250531335765814	status=0.022897955144979706	change_address=0.018052500494723657	other=0.019638234191428097
original-intent-05-1	2.186195307	cancel=0.11842504686385592	refund=0.8181059453780094	status=0.02767584889293338	change_address=0.016216999269501795	other=0.019576159595699506
original-intent-06-0	2.125994583	cancel=0.2258485382540261	refund=0.06570912599395605	status=0.6596721855762012	change_address=0.02245373132459997	other=0.026316418851216643
original-intent-06-1	2.378145848	cancel=0.12675258465522637	refund=0.02252031050790245	status=0.8274976263041718	change_address=0.017022924054019475	other=0.006206554478679877
original-ordinal-01-0	2.612192161	0=0.49504273380088964	1=0.20494064778451582	2=0.1366803982487718	3=0.16333622016582255
original-ordinal-01-1	2.508066936	0=0.6189602625874504	1=0.13271528220670076	2=0.10599224532239297	3=0.1423322098834559
original-ordinal-02-0	2.490149655	0=0.16367263415281533	1=0.7260785920288699	2=0.04862813814105094	3=0.06162063567726374
original-ordinal-02-1	2.548161559	0=0.23972883433786912	1=0.6917388083965821	2=0.022743340429729766	3=0.04578901683581906
original-ordinal-03-0	2.45981316	0=0.21470777983523415	1=0.13773638326946974	2=0.5502356215806002	3=0.09732021531469588
original-ordinal-03-1	2.540043706	0=0.2562848775759224	1=0.24116318430387054	2=0.3691332879837984	3=0.13341865013640863
original-ordinal-04-0	2.578393927	0=0.1892884711893034	1=0.06317217020752303	2=0.040908715690721284	3=0.7066306429124523
original-ordinal-04-1	2.68319118	0=0.21831483599941115	1=0.09771654431910148	2=0.0626474657420132	3=0.6213211539394741
original-ordinal-05-0	2.747443796	0=0.6481602270079557	1=0.11540823341085386	2=0.13223091686442223	3=0.10420062271676828
original-ordinal-05-1	2.553650015	0=0.5387197896019934	1=0.1911103551136441	2=0.14513031646464591	3=0.1250395388197166
original-ordinal-06-0	2.583849457	0=0.31220372446722294	1=0.23778766360554496	2=0.3617960428965961	3=0.08821256903063592
original-ordinal-06-1	2.746936745	0=0.1541306770877336	1=0.10025400643784854	2=0.6892864521893317	3=0.05632886428508629
original-extraction-01-0	2.001967588	courier=0.17195953034176326	pickup=0.7538080281195249	post=0.0057533428826846604	unknown=0.06847909865602728
original-extraction-01-1	2.055889085	courier=0.14742977114923164	pickup=0.7305102937977994	post=0.019081404120612527	unknown=0.10297853093235643
original-extraction-02-0	1.935677448	courier=0.05464685475166817	pickup=0.11889822027286394	post=0.3514472286457263	unknown=0.47500769632974166
original-extraction-02-1	1.879006669	courier=0.10449881695598229	pickup=0.042785529223150535	post=0.18517568070803225	unknown=0.667539973112835
original-extraction-03-0	1.983711374	courier=0.4685139882554792	pickup=0.31969415208173657	post=0.009638619085244255	unknown=0.20215324057754008
original-extraction-03-1	1.954587777	courier=0.6450946219520955	pickup=0.2055338162538642	post=0.015217845598285902	unknown=0.13415371619575428
original-extraction-04-0	1.897284497	courier=0.07943234340835253	pickup=0.05345131590307628	post=0.7936045142137328	unknown=0.07351182647483849
original-extraction-04-1	1.934411317	courier=0.04486742718562615	pickup=0.04245075122304481	post=0.867762418583407	unknown=0.04491940300792203
original-extraction-05-0	2.097915932	courier=0.0537390265534889	pickup=0.07038986908204556	post=0.027215594576919553	unknown=0.848655509787546
original-extraction-05-1	1.825033926	courier=0.18249801665303572	pickup=0.12610082543546197	post=0.025989960699107226	unknown=0.6654111972123951
original-extraction-06-0	1.920772804	courier=0.6173176276024777	pickup=0.053079329093708466	post=0.12946629844544694	unknown=0.20013674485836697
original-extraction-06-1	1.869714894	courier=0.5481238266956405	pickup=0.056787000113766924	post=0.06871273315512196	unknown=0.3263764400354706
original-adequacy-01-0	1.728012892	no=0.2710971404595087	yes=0.7289028595404913
original-adequacy-01-1	1.660686757	no=0.5744950176617958	yes=0.4255049823382042
original-adequacy-02-0	1.718987587	no=0.8291516908432802	yes=0.1708483091567198
original-adequacy-02-1	1.636026418	no=0.9711196261094963	yes=0.028880373890503647
original-adequacy-03-0	1.67980524	no=0.4901865211718529	yes=0.5098134788281471
original-adequacy-03-1	1.774344764	no=0.379845994534578	yes=0.620154005465422
original-adequacy-04-0	1.750643027	no=0.559005127347384	yes=0.4409948726526161
original-adequacy-04-1	1.703809286	no=0.828322360640565	yes=0.17167763935943503
original-adequacy-05-0	1.700962961	no=0.6863232408838226	yes=0.3136767591161775
original-adequacy-05-1	1.803519871	no=0.5078876627001805	yes=0.4921123372998195
original-adequacy-06-0	1.890732526	no=0.39160495999047146	yes=0.6083950400095286
original-adequacy-06-1	1.979436656	no=0.7084021233058294	yes=0.2915978766941705
original-routing-01-0	2.990927498	math=0.7694453465940069	coding=0.016316723130638176	coding_agent=0.024072596804800696	document=0.005064354590147129	tools=0.0052698031862168865	general=0.17983117569419024
original-routing-01-1	2.928518761	math=0.7659394288789179	coding=0.01581165390516675	coding_agent=0.02664472426700394	document=0.008946228338831965	tools=0.008511918821724062	general=0.17414604578835519
original-routing-02-0	3.097503623	math=0.16061525577504965	coding=0.5941492851359222	coding_agent=0.15075203223586786	document=0.005412329368541387	tools=0.004086629054040512	general=0.08498446843057844
original-routing-02-1	3.217585436	math=0.12045336238027513	coding=0.7008105038345619	coding_agent=0.0443990323896005	document=0.004790346390182047	tools=0.004155242470253625	general=0.1253915125351269
original-routing-03-0	3.00108896	math=0.15288308314918564	coding=0.06310723123593995	coding_agent=0.7329484359583205	document=0.006629680614751039	tools=0.002466192637665893	general=0.04196537640413695
original-routing-03-1	3.028180443	math=0.1793260575945839	coding=0.017585732047658315	coding_agent=0.7725294856547126	document=0.005158493623515182	tools=0.0022332198849397797	general=0.023167011194590283
original-routing-04-0	2.865188658	math=0.03917922861095453	coding=0.006316010677329437	coding_agent=0.00834583712179715	document=0.9383289580182343	tools=0.0022895044549071965	general=0.0055404611167774705
original-routing-04-1	2.809066465	math=0.04911892000142153	coding=0.012909253766204259	coding_agent=0.014440205885793688	document=0.8702303291457205	tools=0.005599889983164973	general=0.04770140121769487
original-routing-05-0	2.874773439	math=0.14769572193626188	coding=0.04957761896563992	coding_agent=0.08438191681380758	document=0.02223215035880872	tools=0.6595205265133147	general=0.03659206541216726
original-routing-05-1	3.002901064	math=0.12244104093592549	coding=0.041499221149829825	coding_agent=0.06188480596522581	document=0.02240671577387784	tools=0.41855848420077196	general=0.3332097319743691
original-routing-06-0	3.059059476	math=0.2092563889853401	coding=0.2013139963379329	coding_agent=0.26631545676238916	document=0.03290726238586974	tools=0.02202069877339802	general=0.26818619675507016
original-routing-06-1	2.905404244	math=0.2307930632381261	coding=0.15516628126046955	coding_agent=0.28675585063556175	document=0.039774364828668994	tools=0.04884330661008085	general=0.23866713342709284
