easy-intent-00	3.100228005	track_order=0.9353253399461449	cancel_order=0.011005291379896089	change_address=0.012926089326348833	report_damage=0.0369934321878666	billing_question=0.0037498471597437193
easy-intent-01	2.861794157	track_order=0.029685184831807987	cancel_order=0.9505552934748644	change_address=0.01356137426086313	report_damage=0.004587278943036031	billing_question=0.0016108684894283192
easy-intent-02	2.951063486	track_order=0.030369801264770405	cancel_order=0.007575316372355194	change_address=0.9482719822255636	report_damage=0.010553676938996764	billing_question=0.0032292231983138708
easy-intent-03	2.799958881	track_order=0.024743442601477303	cancel_order=0.005682970130943321	change_address=0.011411192510805567	report_damage=0.957040193556344	billing_question=0.0011222012004299467
easy-intent-04	3.010348769	track_order=0.07341886569934925	cancel_order=0.03706704582806607	change_address=0.025127143648241434	report_damage=0.09254331319782062	billing_question=0.7718436316265227
easy-intent-05	2.74867932	track_order=0.9479008918987298	cancel_order=0.007525420603100889	change_address=0.01134299428151885	report_damage=0.029827863123217956	billing_question=0.003402830093432531
easy-intent-06	2.605842387	set_alarm=0.9544072059922976	play_music=0.0011728122715792654	weather=0.004654697123159471	send_message=0.03382792772458723	turn_off_lights=0.005937356888376727
easy-intent-07	2.449819037	set_alarm=0.011021248374364473	play_music=0.9712249818752787	weather=0.006453884395242496	send_message=0.008510049277569511	turn_off_lights=0.002789836077544961
easy-intent-08	2.594165589	set_alarm=0.011558775081349804	play_music=0.008200104822620513	weather=0.9546468260979883	send_message=0.02076571357569436	turn_off_lights=0.004828580422347096
easy-intent-09	2.812735992	set_alarm=0.004049577643021149	play_music=0.0010709896230574297	weather=0.0042928332259852256	send_message=0.9897618574178927	turn_off_lights=8.247420900435874E-4
easy-intent-10	2.589607584	set_alarm=0.024884394433731933	play_music=0.017133207276279868	weather=0.017951218018108922	send_message=0.027652478145580226	turn_off_lights=0.9123787021262991
easy-intent-11	2.464423288	set_alarm=0.9316500837467167	play_music=0.0012138989908013808	weather=0.0074483681752065736	send_message=0.04686308556177091	turn_off_lights=0.012824563525504377
easy-fact-00	1.752403768	no=0.11974448250086162	yes=0.8802555174991383
easy-fact-01	1.736600579	no=0.9483834860291144	yes=0.051616513970885555
easy-fact-02	2.017752581	no=0.05971705447512717	yes=0.9402829455248728
easy-fact-03	2.153360467	no=0.9270250526289259	yes=0.07297494737107403
easy-fact-04	2.117255683	no=0.0992904509188117	yes=0.9007095490811882
easy-fact-05	1.880701647	no=0.9618272584474349	yes=0.03817274155256515
easy-fact-06	2.18639122	no=0.12442812690919984	yes=0.8755718730908002
easy-fact-07	1.617707342	no=0.8926939609886922	yes=0.10730603901130784
easy-fact-08	1.570691757	no=0.07018638016875807	yes=0.9298136198312419
easy-fact-09	1.56194922	no=0.9318476187010888	yes=0.06815238129891116
easy-fact-10	1.73590039	no=0.3217850115513681	yes=0.6782149884486319
easy-fact-11	1.748177477	no=0.9556174547366145	yes=0.044382545263385385
easy-extraction-00	2.028902657	credit_card=0.03888153437285828	paypal=0.9338165182871091	bank_transfer=0.005158435966554622	cash=0.02214351137347779
easy-extraction-01	2.058784063	credit_card=0.006182465657703034	paypal=0.0032293940534040243	bank_transfer=0.017113595691300235	cash=0.9734745445975926
easy-extraction-02	2.097839552	credit_card=0.0651134655370313	paypal=0.038821669595450754	bank_transfer=0.8589803196850875	cash=0.037084545182430574
easy-extraction-03	1.803418223	low=0.08184089904343725	medium=0.03155091265722954	high=0.68757456385771	urgent=0.19903362444162315
easy-extraction-04	1.752640208	low=0.9236739968677633	medium=0.0047377013502030154	high=0.01713774578079297	urgent=0.05445055600124071
easy-extraction-05	1.722155688	low=0.04044735449618142	medium=0.007335362092663131	high=0.011007042017545316	urgent=0.9412102413936101
easy-extraction-06	1.607743804	S=0.03349560711781476	M=0.9267756700341914	L=0.03123468092265313	XL=0.008494041925340829
easy-extraction-07	1.734710698	S=0.022260648233267802	M=0.018098331179489318	L=0.031079762568138738	XL=0.9285612580191043
easy-extraction-08	2.112873305	monday=0.033297438783875116	tuesday=0.01172280537303904	wednesday=0.015590977348026695	thursday=0.9379148018294368	friday=0.0014739766656222957
easy-extraction-09	1.940548545	monday=0.823672739044873	tuesday=0.02653303198183299	wednesday=0.025922251207205416	thursday=0.11415312638351195	friday=0.009718851382576643
easy-extraction-10	1.819773749	monday=0.11033083799916606	tuesday=0.04503511657112566	wednesday=0.05714174733199188	thursday=0.24016815965967778	friday=0.5473241384380387
easy-extraction-11	1.825036656	credit_card=0.7625860257308651	paypal=0.024196157840400277	bank_transfer=0.06404856689549618	cash=0.14916924953323848
easy-tool_selection-00	2.639328912	get_weather=0.848690566280885	send_email=0.01130756139398911	create_calendar_event=0.007838160493936533	convert_currency=0.11489020567086157	translate_text=0.01727350616032771
easy-tool_selection-01	2.685934449	get_weather=0.07677154874713629	send_email=0.8961669011721319	create_calendar_event=0.009734954375983726	convert_currency=0.010658333126979364	translate_text=0.0066682625777687845
easy-tool_selection-02	2.726560427	get_weather=0.09891509269074791	send_email=0.03827339751162123	create_calendar_event=0.7880564139667399	convert_currency=0.040058187149868876	translate_text=0.03469690868102227
easy-tool_selection-03	2.685933222	get_weather=0.022183551690839583	send_email=0.008332750982208197	create_calendar_event=0.002949435248468209	convert_currency=0.962005029227936	translate_text=0.004529232850547952
easy-tool_selection-04	2.867436287	get_weather=0.037426593223811686	send_email=0.00614732754016916	create_calendar_event=0.001992016188183216	convert_currency=0.015214578645770463	translate_text=0.9392194844020655
easy-tool_selection-05	3.038343432	get_weather=0.050294097449218235	send_email=0.04329461640715273	create_calendar_event=0.8707748662214875	convert_currency=0.012416577984392628	translate_text=0.023219841937748908
easy-tool_selection-06	3.012776678	search_flights=0.9094478969893792	book_restaurant=0.010566504149099832	set_reminder=0.008344551761147621	get_stock_price=0.02314995130435879	call_taxi=0.04849109579601447
easy-tool_selection-07	3.0328974	search_flights=0.0809264709743197	book_restaurant=0.7859151044164215	set_reminder=0.029953335208660288	get_stock_price=0.03670886948770529	call_taxi=0.06649621991289313
easy-tool_selection-08	3.019439947	search_flights=0.02732673692657009	book_restaurant=0.006619367650687587	set_reminder=0.9299183754357813	get_stock_price=0.012857666831810657	call_taxi=0.023277853155150536
easy-tool_selection-09	2.852448902	search_flights=0.0540565345545735	book_restaurant=0.009584847640555276	set_reminder=0.012346946768633961	get_stock_price=0.9094132398261194	call_taxi=0.014598431210117979
easy-tool_selection-10	2.921790294	search_flights=0.11195491771932782	book_restaurant=0.01725720778379107	set_reminder=0.048664842542932366	get_stock_price=0.03885305520765056	call_taxi=0.7832699767462982
easy-tool_selection-11	3.157765556	search_flights=0.055227982845417384	book_restaurant=0.01628816175867461	set_reminder=0.8819891478402245	get_stock_price=0.023008642340704082	call_taxi=0.0234860652149794
original-policy-01-0	2.220676614	no=0.8311182855053221	yes=0.1688817144946779
original-policy-01-1	2.265677079	no=0.8568803792162175	yes=0.1431196207837825
original-policy-02-0	1.931558724	no=0.6235264290748859	yes=0.3764735709251141
original-policy-02-1	1.916897622	no=0.788111529212741	yes=0.211888470787259
original-policy-03-0	1.969584575	no=0.5750231962969593	yes=0.42497680370304075
original-policy-03-1	1.964434022	no=0.7960696160615728	yes=0.20393038393842716
original-policy-04-0	2.159007001	no=0.5720878768942524	yes=0.42791212310574755
original-policy-04-1	2.301853953	no=0.69045392192824	yes=0.30954607807176004
original-policy-05-0	2.478445711	no=0.7512135204893378	yes=0.2487864795106621
original-policy-05-1	2.024746647	no=0.8362089744459957	yes=0.16379102555400427
original-policy-06-0	2.27746752	no=0.4445077816750014	yes=0.5554922183249985
original-policy-06-1	2.008725534	no=0.381260060491401	yes=0.6187399395085991
original-intent-01-0	2.326987552	cancel=0.06848207900941461	refund=0.8804034805512474	status=0.013997248247003765	change_address=0.020149156732820094	other=0.016968035459514266
original-intent-01-1	2.425584734	cancel=0.06737247467219075	refund=0.8715134033051435	status=0.014488111218312352	change_address=0.018258638086937402	other=0.028367372717416062
original-intent-02-0	2.585112027	cancel=0.07815458966575366	refund=0.027144555731974288	status=0.37182705884573747	change_address=0.12956144472512554	other=0.393312351031409
original-intent-02-1	2.354207397	cancel=0.12130201103018907	refund=0.019326110752827932	status=0.6152896971945188	change_address=0.04873150076836398	other=0.1953506802541003
original-intent-03-0	2.357458291	cancel=0.04114679813575445	refund=0.01327713725369664	status=0.006352379480955855	change_address=0.8815563147186877	other=0.05766737041090535
original-intent-03-1	2.33316237	cancel=0.03340356946273218	refund=0.011441322751983797	status=0.0052779841854939955	change_address=0.9187673362608652	other=0.031109787338924888
original-intent-04-0	2.395967475	cancel=0.7472186489436579	refund=0.05216961514462226	status=0.009552387817656105	change_address=0.014969255470275033	other=0.17609009262378864
original-intent-04-1	2.341815032	cancel=0.8072526369500749	refund=0.02500638648684317	status=0.01860215877042747	change_address=0.04311450704432659	other=0.10602431074832767
original-intent-05-0	2.407897924	cancel=0.09766401379691887	refund=0.6196076224418505	status=0.05245516242465412	change_address=0.0701528781522322	other=0.1601203231843443
original-intent-05-1	2.422857428	cancel=0.06597708185682216	refund=0.745047792482533	status=0.03885723209742115	change_address=0.0453353525836503	other=0.1047825409795735
original-intent-06-0	2.641011601	cancel=0.12419151175859837	refund=0.03257425366708084	status=0.6470029607353093	change_address=0.0474712556844554	other=0.14876001815455608
original-intent-06-1	2.686037976	cancel=0.0967023678234741	refund=0.02590690944287868	status=0.7643847376177177	change_address=0.03637398173797851	other=0.07663200337795097
original-ordinal-01-0	2.528630007	0=0.609840511358385	1=0.09477114480953958	2=0.1219755431731445	3=0.17341280065893094
original-ordinal-01-1	2.578868348	0=0.8148529672007249	1=0.05837990682601641	2=0.047994713985454344	3=0.07877241198780432
original-ordinal-02-0	2.631408429	0=0.39536576450319244	1=0.4642554190857326	2=0.0718819379073274	3=0.06849687850374749
original-ordinal-02-1	2.698478065	0=0.44088315688407836	1=0.485551815814296	2=0.018781695453836084	3=0.05478333184778945
original-ordinal-03-0	2.644469571	0=0.3052795843734539	1=0.1328458119961366	2=0.4470963177294076	3=0.11477828590100177
original-ordinal-03-1	2.854273233	0=0.4360675414803213	1=0.21832621639913696	2=0.22809062318157886	3=0.11751561893896305
original-ordinal-04-0	2.656989236	0=0.07458536708474471	1=0.025135367482962093	2=0.030422122096164312	3=0.8698571433361287
original-ordinal-04-1	2.629824944	0=0.13792116319385922	1=0.031250740531959975	2=0.04968842346239225	3=0.7811396728117886
original-ordinal-05-0	2.704484387	0=0.7858378491477341	1=0.05038413506943278	2=0.06771861868478131	3=0.09605939709805172
original-ordinal-05-1	2.64485594	0=0.7174401829254176	1=0.05921117317985892	2=0.10105006674297921	3=0.1222985771517444
original-ordinal-06-0	2.773097323	0=0.2817455762342212	1=0.11899360948934688	2=0.5299886801198488	3=0.06927213415658319
original-ordinal-06-1	2.825427607	0=0.1324565884168055	1=0.11236471360461285	2=0.6877097334491212	3=0.06746896452946047
original-extraction-01-0	1.933019696	courier=0.11669861826941882	pickup=0.8014656845413141	post=0.0073408645545832265	unknown=0.07449483263468387
original-extraction-01-1	2.269429849	courier=0.20969586502223192	pickup=0.6295386275823032	post=0.021502527026692433	unknown=0.13926298036877258
original-extraction-02-0	2.224475022	courier=0.09872586627402836	pickup=0.04516069960123551	post=0.4007349653875105	unknown=0.45537846873722554
original-extraction-02-1	2.009832671	courier=0.10701730901031284	pickup=0.030768091872133526	post=0.07277179937796366	unknown=0.7894427997395901
original-extraction-03-0	2.10549241	courier=0.6500864675829023	pickup=0.06549499305057262	post=0.010128378498471015	unknown=0.274290160868054
original-extraction-03-1	2.069322669	courier=0.6498379150262126	pickup=0.0712476059566955	post=0.023372008815812705	unknown=0.25554247020127924
original-extraction-04-0	2.000299649	courier=0.06888981244199656	pickup=0.11261498958227818	post=0.6590023314047115	unknown=0.15949286657101375
original-extraction-04-1	2.131012233	courier=0.029728949038798854	pickup=0.048122676881925584	post=0.8252904679045607	unknown=0.09685790617471494
original-extraction-05-0	2.402010251	courier=0.0906760337300649	pickup=0.029503290373407903	post=0.014758392434331212	unknown=0.8650622834621959
original-extraction-05-1	2.099730924	courier=0.3034950474285318	pickup=0.052656306211580454	post=0.020947368935093785	unknown=0.622901277424794
original-extraction-06-0	2.127779	courier=0.6239269197137155	pickup=0.030301744602986284	post=0.05437771995484575	unknown=0.2913936157284525
original-extraction-06-1	2.058757484	courier=0.6029441676695736	pickup=0.046657520385609205	post=0.021425739196243146	unknown=0.32897257274857405
original-adequacy-01-0	1.805844265	no=0.20932253699765774	yes=0.7906774630023423
original-adequacy-01-1	1.721711025	no=0.2360271623873311	yes=0.763972837612669
original-adequacy-02-0	1.708302485	no=0.6049104948560132	yes=0.3950895051439868
original-adequacy-02-1	1.837998473	no=0.6534781393766234	yes=0.3465218606233767
original-adequacy-03-0	2.030669005	no=0.38980736420571804	yes=0.610192635794282
original-adequacy-03-1	2.127795446	no=0.6819224945036408	yes=0.31807750549635916
original-adequacy-04-0	2.07939463	no=0.21974863503889042	yes=0.7802513649611096
original-adequacy-04-1	1.787937988	no=0.5348260623650537	yes=0.4651739376349463
original-adequacy-05-0	1.675214412	no=0.5388344005044906	yes=0.4611655994955094
original-adequacy-05-1	1.640267909	no=0.5334881324034383	yes=0.4665118675965617
original-adequacy-06-0	1.975412144	no=0.16716714666942467	yes=0.8328328533305752
original-adequacy-06-1	2.152390416	no=0.6381810749396991	yes=0.36181892506030094
original-routing-01-0	3.314265847	math=0.7537964914650602	coding=0.007523335136491589	coding_agent=0.03912813850423602	document=0.015374983060589991	tools=0.02837233406490368	general=0.15580471776871832
original-routing-01-1	2.967782888	math=0.711956533570148	coding=0.015600706719246083	coding_agent=0.04492384348928198	document=0.019993628253792698	tools=0.024736914226910656	general=0.18278837374062068
original-routing-02-0	3.068101621	math=0.02826259678844313	coding=0.7464486005546166	coding_agent=0.19526873704403602	document=0.006226149718512975	tools=0.003380733837729629	general=0.020413182056661736
original-routing-02-1	2.895370158	math=0.03262144985154278	coding=0.635156054268144	coding_agent=0.2278766212729686	document=0.011541866339156756	tools=0.009070682937141175	general=0.08373332533104662
original-routing-03-0	3.060784728	math=0.03539003738907182	coding=0.10758539497333626	coding_agent=0.7852570493743908	document=0.005945133616089475	tools=0.003719404615387047	general=0.062102980031724646
original-routing-03-1	3.115576076	math=0.06650989099816844	coding=0.05481435969013792	coding_agent=0.7558616322684341	document=0.00883385853732686	tools=0.013781004894102248	general=0.10019925361183046
original-routing-04-0	2.992091894	math=0.09059036199658467	coding=0.11265361107531045	coding_agent=0.3826828845738716	document=0.3316806761612931	tools=0.039317478979945204	general=0.043074987212995124
original-routing-04-1	3.065368576	math=0.060812980821501876	coding=0.025439382945923183	coding_agent=0.10240941493046883	document=0.6470400647667232	tools=0.04395124610421941	general=0.12034691043116354
original-routing-05-0	3.269742014	math=0.07130320472536561	coding=0.03180870161262718	coding_agent=0.1742359003721471	document=0.037170269550655125	tools=0.41747541936304866	general=0.2680065043761563
original-routing-05-1	3.345392835	math=0.0980269651354323	coding=0.051189225939383604	coding_agent=0.5800579615634079	document=0.02867908516230957	tools=0.06425688327737902	general=0.1777898789220876
original-routing-06-0	3.145986915	math=0.04026511427454324	coding=0.0288779258529683	coding_agent=0.15946346960472332	document=0.025636887552643768	tools=0.06397390401450768	general=0.6817826987006138
original-routing-06-1	3.023374846	math=0.06263348283121269	coding=0.03808227840765397	coding_agent=0.15042999396086842	document=0.044982603885229934	tools=0.06237145085469077	general=0.6415001900603442
