easy-intent-00	3.007418469	track_order=0.9595392410807241	cancel_order=0.020627196338947995	change_address=0.005253024369296729	report_damage=0.005360085438202556	billing_question=0.009220452772828512
easy-intent-01	2.924133715	track_order=0.04196006417215009	cancel_order=0.9475331696341194	change_address=0.001736792871513727	report_damage=0.00428616748116272	billing_question=0.004483805841053872
easy-intent-02	2.962014974	track_order=0.07536557964393333	cancel_order=0.010306367724584287	change_address=0.8906481334591901	report_damage=0.01645368842619887	billing_question=0.007226230746093428
easy-intent-03	2.950754255	track_order=0.034432955538767795	cancel_order=0.0016096170128401628	change_address=0.005913371902862999	report_damage=0.957041764808086	billing_question=0.001002290737442909
easy-intent-04	3.111345276	track_order=0.052856371944784	cancel_order=0.005566856828525652	change_address=0.005529501408789701	report_damage=0.03960522830913437	billing_question=0.8964420415087663
easy-intent-05	2.755910494	track_order=0.9839276684371451	cancel_order=0.004887867761461593	change_address=0.003418444146362369	report_damage=0.0030145001365282816	billing_question=0.00475151951850263
easy-intent-06	2.709985317	set_alarm=0.9786085218389942	play_music=0.0042047460269846034	weather=0.004433670052256581	send_message=0.0054507567464674505	turn_off_lights=0.0073023053352971
easy-intent-07	2.483664428	set_alarm=0.07678558455353514	play_music=0.9132094429882308	weather=0.00470704806396247	send_message=0.00275747070908049	turn_off_lights=0.0025404536851910482
easy-intent-08	2.541588087	set_alarm=0.040597355527671256	play_music=0.01728500242337145	weather=0.9132815948927775	send_message=0.02317915375000718	turn_off_lights=0.005656893406172705
easy-intent-09	2.691890427	set_alarm=0.03642278273901915	play_music=0.004118947120119299	weather=0.011879849441329483	send_message=0.9445824286989122	turn_off_lights=0.0029959920006198924
easy-intent-10	2.833406326	set_alarm=0.097834669644073	play_music=0.013615181098148925	weather=0.007688301654821557	send_message=0.01704520937207425	turn_off_lights=0.8638166382308823
easy-intent-11	2.672263755	set_alarm=0.9630426114672703	play_music=0.004228181547465556	weather=0.006287085828271261	send_message=0.01594237287797139	turn_off_lights=0.010499748279021327
easy-fact-00	1.733084245	no=0.19583111897003772	yes=0.8041688810299623
easy-fact-01	1.669123702	no=0.8787757290640575	yes=0.1212242709359424
easy-fact-02	1.841379547	no=0.13217605781062552	yes=0.8678239421893744
easy-fact-03	1.904886965	no=0.9218045045683805	yes=0.07819549543161941
easy-fact-04	1.772484948	no=0.27064999358901415	yes=0.7293500064109859
easy-fact-05	1.973777198	no=0.826932465384375	yes=0.17306753461562502
easy-fact-06	2.309238499	no=0.2820157966967279	yes=0.7179842033032722
easy-fact-07	1.614595359	no=0.8220206466872605	yes=0.17797935331273942
easy-fact-08	1.486897624	no=0.4408068025187299	yes=0.5591931974812702
easy-fact-09	1.481357927	no=0.7476436652943691	yes=0.2523563347056309
easy-fact-10	1.701300878	no=0.16183443091583793	yes=0.8381655690841622
easy-fact-11	1.725624538	no=0.7583198010741979	yes=0.2416801989258022
easy-extraction-00	1.709126268	credit_card=0.07838685280487999	paypal=0.9080906216881446	bank_transfer=0.0045975440675859545	cash=0.008924981439389613
easy-extraction-01	1.975637876	credit_card=0.0732822561023052	paypal=0.0075929564462107885	bank_transfer=0.00872823647687197	cash=0.9103965509746121
easy-extraction-02	2.046202858	credit_card=0.10296701841403462	paypal=0.014692100896585032	bank_transfer=0.8726051808245071	cash=0.009735699864873134
easy-extraction-03	2.248033207	low=0.102738249221051	medium=0.061180361863069896	high=0.6511438966083819	urgent=0.1849374923074972
easy-extraction-04	1.692837329	low=0.9558828981832678	medium=0.009774074875086722	high=0.012216615219047856	urgent=0.022126411722597644
easy-extraction-05	1.672813777	low=0.03380362458982839	medium=0.005024963392923426	high=0.008533440003541653	urgent=0.9526379720137066
easy-extraction-06	1.597168959	S=0.05276334780818745	M=0.9346169905385463	L=0.006834915326769644	XL=0.005784746326496522
easy-extraction-07	1.502972298	S=0.06973158842348136	M=0.021933063518390226	L=0.034861820923558474	XL=0.8734735271345699
easy-extraction-08	1.89005843	monday=0.018666990644416886	tuesday=0.00273193336328164	wednesday=0.021031180068989123	thursday=0.9569629365547553	friday=6.069593685570323E-4
easy-extraction-09	2.112447953	monday=0.9572273988887158	tuesday=0.008173392723860001	wednesday=0.017551218890835336	thursday=0.012410298872616505	friday=0.004637690623972296
easy-extraction-10	1.944182019	monday=0.040476514113748134	tuesday=0.009139909334976172	wednesday=0.010160952461526328	thursday=0.06122009081899553	friday=0.879002533270754
easy-extraction-11	1.826341551	credit_card=0.9600790452242648	paypal=0.007872293987615723	bank_transfer=0.005343863418028838	cash=0.026704797370090474
easy-tool_selection-00	2.6883736	get_weather=0.9194177292136959	send_email=0.011625155613842895	create_calendar_event=0.010765013371267703	convert_currency=0.02579404399322439	translate_text=0.03239805780796917
easy-tool_selection-01	2.687089205	get_weather=0.026787265549995703	send_email=0.9610309753772517	create_calendar_event=0.0036650828757514675	convert_currency=0.004160952404076243	translate_text=0.004355723792925056
easy-tool_selection-02	2.744634049	get_weather=0.06269697962385432	send_email=0.014978736692884808	create_calendar_event=0.8980838032021693	convert_currency=0.01063623296648905	translate_text=0.013604247514602565
easy-tool_selection-03	2.695191491	get_weather=0.015057998061060224	send_email=0.002004807499832955	create_calendar_event=0.0011434842051957822	convert_currency=0.9802146663567396	translate_text=0.0015790438771715873
easy-tool_selection-04	2.667514678	get_weather=0.06819491852147122	send_email=0.007768798282433161	create_calendar_event=0.003908804468932909	convert_currency=0.010848009539729872	translate_text=0.9092794691874327
easy-tool_selection-05	2.954844642	get_weather=0.06455264518771739	send_email=0.017705566923862978	create_calendar_event=0.8981383427281517	convert_currency=0.008274400586861816	translate_text=0.01132904457340607
easy-tool_selection-06	3.213155729	search_flights=0.9853805207580043	book_restaurant=0.0027308880533503626	set_reminder=0.0019210642661396029	get_stock_price=0.005323343573908621	call_taxi=0.00464418334859694
easy-tool_selection-07	3.119388343	search_flights=0.03657485293640303	book_restaurant=0.9358533441816218	set_reminder=0.0070839512824227395	get_stock_price=0.011003956110479938	call_taxi=0.009483895489072316
easy-tool_selection-08	2.92674534	search_flights=0.019658591797218745	book_restaurant=0.0018892694641476934	set_reminder=0.9694434547363042	get_stock_price=0.005150801532126575	call_taxi=0.0038578824702025674
easy-tool_selection-09	2.847454065	search_flights=0.013799381230315488	book_restaurant=0.0015768219722461128	set_reminder=0.0021789505899764096	get_stock_price=0.9797730592204368	call_taxi=0.0026717869870251237
easy-tool_selection-10	2.835484016	search_flights=0.06679336031490361	book_restaurant=0.006505090903586901	set_reminder=0.0070706636315386465	get_stock_price=0.018228274241869825	call_taxi=0.9014026109081009
easy-tool_selection-11	2.898844072	search_flights=0.01923024678737628	book_restaurant=0.0015073818017968946	set_reminder=0.9747990144277918	get_stock_price=0.0035955947454675034	call_taxi=8.677622375676617E-4
original-policy-01-0	2.277121999	no=0.7578621050580615	yes=0.24213789494193846
original-policy-01-1	2.514837243	no=0.8155176089500435	yes=0.18448239104995634
original-policy-02-0	1.941056519	no=0.3502876702582531	yes=0.649712329741747
original-policy-02-1	1.878055401	no=0.689439175357169	yes=0.31056082464283086
original-policy-03-0	1.975193169	no=0.38917330996744154	yes=0.6108266900325584
original-policy-03-1	1.908445328	no=0.8260063718528752	yes=0.1739936281471248
original-policy-04-0	2.113120762	no=0.410840993387177	yes=0.5891590066128229
original-policy-04-1	2.040170423	no=0.6705745734893995	yes=0.3294254265106005
original-policy-05-0	2.203087206	no=0.7999569673527313	yes=0.2000430326472688
original-policy-05-1	2.264735039	no=0.7884196843163537	yes=0.21158031568364627
original-policy-06-0	2.572744954	no=0.4422215026886594	yes=0.5577784973113405
original-policy-06-1	1.985626491	no=0.29904301587625015	yes=0.7009569841237498
original-intent-01-0	2.276815945	cancel=0.06775175070627869	refund=0.900982914010851	status=0.010917218576475611	change_address=0.007492804366534896	other=0.01285531233985969
original-intent-01-1	2.327879236	cancel=0.15240016379939214	refund=0.7940499678156507	status=0.01533363241112985	change_address=0.008363715397773433	other=0.029852520576053903
original-intent-02-0	2.314560601	cancel=0.1078630232130811	refund=0.0383726603017765	status=0.5615482522921965	change_address=0.09449009219159143	other=0.19772597200135447
original-intent-02-1	2.340792072	cancel=0.09619522733729244	refund=0.02569680585290459	status=0.8268481370730996	change_address=0.02114033747929596	other=0.03011949225740737
original-intent-03-0	2.624286901	cancel=0.049896182516324744	refund=0.006933833078903822	status=0.0014219711863046602	change_address=0.9395130155394449	other=0.0022349976790217527
original-intent-03-1	2.339551265	cancel=0.048158038773515766	refund=0.005935966731815732	status=0.0018514266546949716	change_address=0.9379671379164253	other=0.0060874299235483134
original-intent-04-0	2.414805598	cancel=0.6097566189608306	refund=0.16676735220298558	status=0.02308420035284849	change_address=0.02111892691738167	other=0.17927290156595382
original-intent-04-1	2.287218091	cancel=0.6567629326430565	refund=0.11801237116650609	status=0.022187617159948547	change_address=0.030487325127881833	other=0.17254975390260696
original-intent-05-0	2.305704812	cancel=0.11435817659228721	refund=0.8250531335765814	status=0.022897955144979706	change_address=0.018052500494723657	other=0.019638234191428097
original-intent-05-1	2.295907668	cancel=0.11768152408784319	refund=0.8166730575234703	status=0.02844784896326346	change_address=0.015877069684079845	other=0.021320499741343445
original-intent-06-0	2.249973985	cancel=0.2258485382540261	refund=0.06570912599395605	status=0.6596721855762012	change_address=0.02245373132459997	other=0.026316418851216643
original-intent-06-1	2.402996064	cancel=0.12675258465522637	refund=0.02252031050790245	status=0.8274976263041718	change_address=0.017022924054019475	other=0.006206554478679877
original-ordinal-01-0	2.806085145	0=0.49504273380088964	1=0.20494064778451582	2=0.1366803982487718	3=0.16333622016582255
original-ordinal-01-1	2.841088885	0=0.6189602625874504	1=0.13271528220670076	2=0.10599224532239297	3=0.1423322098834559
original-ordinal-02-0	2.754481681	0=0.16367263415281533	1=0.7260785920288699	2=0.04862813814105094	3=0.06162063567726374
original-ordinal-02-1	2.676616347	0=0.23972883433786912	1=0.6917388083965821	2=0.022743340429729766	3=0.04578901683581906
original-ordinal-03-0	2.595437237	0=0.21470777983523415	1=0.13773638326946974	2=0.5502356215806002	3=0.09732021531469588
original-ordinal-03-1	2.604730318	0=0.2562848775759224	1=0.24116318430387054	2=0.3691332879837984	3=0.13341865013640863
original-ordinal-04-0	2.691411259	0=0.1892884711893034	1=0.06317217020752303	2=0.040908715690721284	3=0.7066306429124523
original-ordinal-04-1	2.865146445	0=0.21831483599941115	1=0.09771654431910148	2=0.0626474657420132	3=0.6213211539394741
original-ordinal-05-0	2.850362199	0=0.6481602270079557	1=0.11540823341085386	2=0.13223091686442223	3=0.10420062271676828
original-ordinal-05-1	2.678266625	0=0.5387197896019934	1=0.1911103551136441	2=0.14513031646464591	3=0.1250395388197166
original-ordinal-06-0	2.673159773	0=0.31220372446722294	1=0.23778766360554496	2=0.3617960428965961	3=0.08821256903063592
original-ordinal-06-1	2.830159519	0=0.1541306770877336	1=0.10025400643784854	2=0.6892864521893317	3=0.05632886428508629
original-extraction-01-0	1.920419142	courier=0.17195953034176326	pickup=0.7538080281195249	post=0.0057533428826846604	unknown=0.06847909865602728
original-extraction-01-1	2.004526756	courier=0.14742977114923164	pickup=0.7305102937977994	post=0.019081404120612527	unknown=0.10297853093235643
original-extraction-02-0	2.08609456	courier=0.05464685475166817	pickup=0.11889822027286394	post=0.3514472286457263	unknown=0.47500769632974166
original-extraction-02-1	2.189288028	courier=0.10449881695598229	pickup=0.042785529223150535	post=0.18517568070803225	unknown=0.667539973112835
original-extraction-03-0	2.36856711	courier=0.4685139882554792	pickup=0.31969415208173657	post=0.009638619085244255	unknown=0.20215324057754008
original-extraction-03-1	2.22819099	courier=0.6450946219520955	pickup=0.2055338162538642	post=0.015217845598285902	unknown=0.13415371619575428
original-extraction-04-0	1.975164063	courier=0.07943234340835253	pickup=0.05345131590307628	post=0.7936045142137328	unknown=0.07351182647483849
original-extraction-04-1	1.927639135	courier=0.04486742718562615	pickup=0.04245075122304481	post=0.867762418583407	unknown=0.04491940300792203
original-extraction-05-0	2.01898154	courier=0.0537390265534889	pickup=0.07038986908204556	post=0.027215594576919553	unknown=0.848655509787546
original-extraction-05-1	1.934953245	courier=0.18249801665303572	pickup=0.12610082543546197	post=0.025989960699107226	unknown=0.6654111972123951
original-extraction-06-0	2.121875359	courier=0.6173176276024777	pickup=0.053079329093708466	post=0.12946629844544694	unknown=0.20013674485836697
original-extraction-06-1	2.273056844	courier=0.5481238266956405	pickup=0.056787000113766924	post=0.06871273315512196	unknown=0.3263764400354706
original-adequacy-01-0	1.727126138	no=0.2710971404595087	yes=0.7289028595404913
original-adequacy-01-1	1.676416645	no=0.5744950176617958	yes=0.4255049823382042
original-adequacy-02-0	1.658798689	no=0.8291516908432802	yes=0.1708483091567198
original-adequacy-02-1	1.707367474	no=0.9711196261094963	yes=0.028880373890503647
original-adequacy-03-0	1.739866159	no=0.4901865211718529	yes=0.5098134788281471
original-adequacy-03-1	1.868986636	no=0.379845994534578	yes=0.620154005465422
original-adequacy-04-0	1.933270247	no=0.559005127347384	yes=0.4409948726526161
original-adequacy-04-1	2.031330395	no=0.828322360640565	yes=0.17167763935943503
original-adequacy-05-0	1.722733928	no=0.6863232408838226	yes=0.3136767591161775
original-adequacy-05-1	1.595979284	no=0.5078876627001805	yes=0.4921123372998195
original-adequacy-06-0	1.951340252	no=0.39160495999047146	yes=0.6083950400095286
original-adequacy-06-1	2.008586479	no=0.7084021233058294	yes=0.2915978766941705
original-routing-01-0	3.072216847	math=0.7694453465940069	coding=0.016316723130638176	coding_agent=0.024072596804800696	document=0.005064354590147129	tools=0.0052698031862168865	general=0.17983117569419024
original-routing-01-1	3.079364028	math=0.7659394288789179	coding=0.01581165390516675	coding_agent=0.02664472426700394	document=0.008946228338831965	tools=0.008511918821724062	general=0.17414604578835519
original-routing-02-0	3.307549594	math=0.16061525577504965	coding=0.5941492851359222	coding_agent=0.15075203223586786	document=0.005412329368541387	tools=0.004086629054040512	general=0.08498446843057844
original-routing-02-1	2.941117269	math=0.12045336238027513	coding=0.7008105038345619	coding_agent=0.0443990323896005	document=0.004790346390182047	tools=0.004155242470253625	general=0.1253915125351269
original-routing-03-0	3.08450262	math=0.15288308314918564	coding=0.06310723123593995	coding_agent=0.7329484359583205	document=0.006629680614751039	tools=0.002466192637665893	general=0.04196537640413695
original-routing-03-1	3.134195818	math=0.1793260575945839	coding=0.017585732047658315	coding_agent=0.7725294856547126	document=0.005158493623515182	tools=0.0022332198849397797	general=0.023167011194590283
original-routing-04-0	2.949518964	math=0.03917922861095453	coding=0.006316010677329437	coding_agent=0.00834583712179715	document=0.9383289580182343	tools=0.0022895044549071965	general=0.0055404611167774705
original-routing-04-1	2.924919785	math=0.04911892000142153	coding=0.012909253766204259	coding_agent=0.014440205885793688	document=0.8702303291457205	tools=0.005599889983164973	general=0.04770140121769487
original-routing-05-0	3.0473362	math=0.14769572193626188	coding=0.04957761896563992	coding_agent=0.08438191681380758	document=0.02223215035880872	tools=0.6595205265133147	general=0.03659206541216726
original-routing-05-1	3.264692011	math=0.12244104093592549	coding=0.041499221149829825	coding_agent=0.06188480596522581	document=0.02240671577387784	tools=0.41855848420077196	general=0.3332097319743691
original-routing-06-0	3.198747409	math=0.2092563889853401	coding=0.2013139963379329	coding_agent=0.26631545676238916	document=0.03290726238586974	tools=0.02202069877339802	general=0.26818619675507016
original-routing-06-1	2.963150748	math=0.2307930632381261	coding=0.15516628126046955	coding_agent=0.28675585063556175	document=0.039774364828668994	tools=0.04884330661008085	general=0.23866713342709284
hard-opus-a-long_policy-01	149.088557429	deny_vacancy_exclusion=0.3027058715811668	deny_repeated_seepage=0.027643852834255713	pay_subject_to_10000_sublimit=0.11037575891739891	pay_subject_to_15000_sublimit=0.520352176781787	pay_full_estimate_less_deductible=0.03892233988539146
hard-opus-a-long_policy-04	84.69855589	budget_holder=0.4699755611625592	department_head=0.28160573697336727	vp_and_finance_director=0.13052791323525553	cfo=0.09402648889532916	executive_committee=0.023864299733488976
hard-opus-a-long_policy-08	76.296143237	full_repair_no_charge=0.6198621218685184	parts_covered_labour_charged=0.13976850058465962	pro_rata_replacement_credit=0.013726742934089865	not_covered=0.22664263461273215
hard-opus-a-long_policy-09	82.201541492	no_license_required=0.2187914428175667	license_exception_lvs=0.1308101569100536	license_required=0.3867366076745077	shipment_prohibited=0.26366179259787204
hard-opus-a-long_policy-11	72.705220504	no=0.3945353333534669	yes=0.6054646666465331
hard-opus-a-long_policy-13	76.683821439	no=0.7736946189617905	yes=0.22630538103820946
hard-opus-a-long_policy-17	74.253660712	security_incident_response=0.0512566536877711	no_page_ticket_only=0.27180555477440843	database_oncall=0.6342080007741843	vendor_support=0.026546271755171356	platform_oncall=0.01618351900846479
hard-opus-a-long_policy-19	71.494529234	no=0.5865876068420484	yes=0.41341239315795164
hard-opus-a-probability-03	10.003196836	no=0.674707222713571	yes=0.325292777286429
hard-opus-a-probability-04	28.941340795	early=0.39641594304977146	on_time=0.2944525607676999	late=0.3091314961825288
hard-opus-a-probability-07	32.824214653	resolved_first_contact=0.5696560524582206	escalated=0.316307515552557	reopened=0.11403643198922242
hard-opus-a-probability-08	9.456433623	no=0.6825216614704696	yes=0.31747833852953034
hard-opus-a-temporal_numeric-03	11.428981551	no=0.6435345272602636	yes=0.3564654727397365
hard-opus-a-temporal_numeric-06	12.337795322	no=0.400004344459683	yes=0.5999956555403171
hard-opus-a-temporal_numeric-07	35.998923716	sep_24=0.23859524941848995	sep_25=0.12972520360502338	sep_26=0.46801547274932664	sep_27=0.12183243263053938	sep_28=0.041831641596620714
hard-opus-a-temporal_numeric-09	12.358606842	no=0.5392306070024603	yes=0.46076939299753966
hard-opus-a-temporal_numeric-12	14.689129309	0=0.38475830255224924	1=0.12810234910884855	2=0.27674725775286735	3=0.2103920905860349
hard-opus-b-ambiguous-02	13.346633389	cannot_determine=0.06751729629487145	real_incident=0.2512191741826993	false_positive=0.6812635295224293
hard-opus-b-ambiguous-03	11.814100009	within_limitation=0.4042912651689376	time_barred=0.16525754560738073	insufficient_information=0.43045118922368164
hard-opus-b-ambiguous-07	11.777966641	within_policy=0.06120492602065453	over_limit=0.7192611927592832	insufficient_information=0.2195338812200623
hard-opus-b-ambiguous-09	15.428558536	legitimate=0.5989358697160326	compromised=0.2317645897352506	inconclusive=0.16929954054871668
hard-opus-b-ambiguous-10	10.830745995	ask_user_which_alex=0.5939480316445597	send_to_alex_moreno=0.3130029461415262	send_to_alexandra_lind=0.09304902221391415
hard-opus-b-ambiguous-11	11.039701488	grade_correct=0.13410101480224224	grade_should_be_higher=0.10123962419077864	cannot_determine=0.764659361006979
hard-opus-b-ambiguous-13	14.89261614	cannot_determine=0.3295604478628958	charge_platform_team=0.05182110796426236	charge_data_team=0.27945808998743604	split_50_50=0.3391603541854058
hard-opus-b-multi_hop-03	100.410576609	tier1_team_lead=0.11689105677063881	tier2_department_head=0.32339079880549154	tier3_cfo=0.2410682804626129	tier4_board=0.3186498639612568
hard-opus-b-multi_hop-04	73.61640642	no_page_ticket_only=0.18371919814966955	ana=0.12670683785554993	bjorn=0.08382937151783423	chen=0.18084088488243308	dmitri=0.12066675690025633	esra=0.30423695069425694
hard-opus-b-multi_hop-05	83.027051963	0=0.2697066233174725	1=0.29327655287036164	2=0.15927828426992965	3=0.19684831076218257	4=0.08089022878005363
hard-opus-b-multi_hop-07	87.236599959	no_credit=0.150693054260541	credit_10_percent=0.19903817941430552	credit_20_percent=0.1854836475757986	credit_25_percent=0.2425786309589916	credit_50_percent=0.04005715039536907	credit_full_month=0.18214933739499414
hard-opus-b-multi_hop-08	71.439035317	no=0.4537908190292618	yes=0.5462091809707382
hard-opus-b-probability-01	56.591865447	customer_wins=0.6019401336904071	merchant_wins=0.2886339544377783	customer_withdraws=0.1094259118718145
hard-opus-b-probability-02	11.810010276	bad_push=0.6704149568670171	upstream_provider=0.16916992446104545	database_hardware=0.16041511867193745
hard-opus-b-probability-03	32.512546701	no=0.6333402843083921	yes=0.3666597156916078
hard-opus-b-probability-04	14.611823748	no_show=0.28300570257737007	late_cancellation=0.17221437347096838	attended=0.5447799239516616
hard-opus-b-probability-06	26.807060664	overturned=0.4623673325626269	modified=0.17084163775344463	upheld=0.36679102968392835
hard-opus-b-tradeoff-01	21.654818115	escalate_to_security=0.1961318928058632	page_oncall=0.05885567398752286	escalate_to_engineering=0.6330846751865842	process_refund=0.040574044217637835	send_kb_article=0.07135371380239201
hard-opus-b-tradeoff-03	18.963299138	order_a=0.5553790490520181	order_b=0.1317473771902641	order_c=0.16697463630171847	order_d=0.14589893745599944
hard-opus-b-tradeoff-06	19.788812536	no=0.26348981986115366	yes=0.7365101801388463
hard-opus-b-tradeoff-07	18.300279728	out_of_scope=0.0504454244197274	p3_backlog=0.02302028336670551	p2_fix_30d=0.14691345238257497	p1_fix_7d=0.13760972460235266	p0_fix_24h=0.6420111152286394
hard-opus-b-tradeoff-08	14.550030205	no=0.35841051033774096	yes=0.641589489662259
hard-opus-b-tradeoff-12	14.712192115	wait_for_inspection=0.16801127584369965	refund_now=0.7719252065707815	offer_store_credit=0.037555692202089604	escalate_to_fraud_team=0.011624728136783617	deny_refund=0.010883097246645553
hard-opus-c-long_policy-02	129.326528894	erase_all=0.1571978668767495	restrict_all_pending_legal_hold=0.1343497661687174	erase_but_retain_transaction_records=0.3532003884727504	reject_unverified_request=0.3270971287895936	erase_marketing_only=0.02815484969218901
hard-opus-c-long_policy-03	124.987224555	eur_0=0.473097317430208	eur_150=0.03131313774444283	eur_200=0.10033323281549028	eur_300=0.30502957768530575	eur_400=0.008095072119853193	eur_600=0.08213166220469982
hard-opus-c-long_policy-04	110.991155338	no=0.2942961721752548	yes=0.7057038278247452
hard-opus-c-long_policy-05	109.175106236	0=0.37205131223668697	1=0.13217481382243704	2=0.31551985132784016	3=0.1802540226130359
hard-opus-c-long_policy-08	109.300890799	0=0.23891638876627158	1=0.1385543059953578	2=0.4918120389571689	3=0.1307172662812017
hard-opus-c-long_policy-10	130.121751169	full_credit=0.3666939694782041	credit_minus_restocking_fee=0.1898790797262578	repair_or_replace_only=0.26482294577925647	reject_return=0.17860400501628143
hard-opus-c-long_policy-11	115.977873795	no=0.3571873042035309	yes=0.6428126957964692
hard-opus-c-probability-03	13.569842994	halvorsen_polymer=0.3023707910348381	ortega_seal_works=0.18335028784374216	kuznets_technik=0.5142789211214197
hard-opus-c-temporal_numeric-02	24.334266147	no=0.2524542304123875	yes=0.7475457695876124
hard-opus-c-temporal_numeric-03	23.351834911	eur_692_00=0.42681766583098896	eur_617_00=0.12680396488433954	eur_688_00=0.17099991809571533	eur_693_90=0.23065612968897217	eur_812_00=0.04472232149998405
hard-opus-c-temporal_numeric-04	21.065051462	usd_2222_50=0.1740394602370128	usd_2303_01=0.4476385560548165	usd_2303_33=0.32741067466394297	usd_2335_00=0.03303190929341655	usd_2340_00=0.017879399750811067
hard-opus-c-temporal_numeric-06	26.772721022	sep_15_office_chair=0.3055573068409313	sep_16_taxi=0.13288021183799964	sep_17_parking=0.04871342943475629	sep_18_book_set=0.03976564383255521	sep_21_client_dinner=0.0233504788897784	none_declined=0.4497329291639791
hard-opus-c-temporal_numeric-08	26.578156602	eur_506_06=0.5430894589701544	eur_498_81=0.14529357793076292	eur_513_69=0.20005665807881826	eur_497_40=0.07220139879610579	eur_532_01=0.039358906224158635
hard-opus-c-temporal_numeric-12	21.151177596	covered=0.17897361417031915	expired_24_month_term=0.5124328967816784	expired_30_month_cap=0.30859348904800266
hard-sol-a-adversarial-01	6.631082106	grant_access=0.29003095045430194	deny_missing_approval=0.496035195914709	deny_inactive_user=0.04104813842920086	grant_owner_exception=0.1728857152017881
hard-sol-a-adversarial-06	5.52013738	no=0.961383120806273	yes=0.038616879193726965
hard-sol-a-adversarial-07	7.195088388	retain_until_2031=0.8279969522759209	delete_now=0.0841179964779361	retain_indefinitely=0.018365254668734864	needs_signature_review=0.0695197965774081
hard-sol-a-adversarial-08	4.682560206	no=0.45022813187653776	yes=0.5497718681234622
hard-sol-a-adversarial-09	5.375817667	0=0.20951535280346031	1=0.12974387623878283	2=0.42081138432466514	3=0.23992938663309163
hard-sol-a-adversarial-11	6.82002939	standard_research=0.5276838425532242	ethics_review=0.43223919086900386	major_grants=0.011224215117368583	manual_hold=0.028852751460403298
hard-sol-a-multi_hop-01	73.334561471	reject_tier=0.16815249252135103	accept_s2_dusk=0.7030356005464933	reject_cutoff=0.05823416475550428	reroute_s3=0.07057774217665137
hard-sol-a-multi_hop-02	73.559423238	heron_q2=0.3068807377657509	insufficient_information=0.3987726953926302	security_primary=0.23429182573712704	executive_bridge=0.06005474110449199
hard-sol-a-multi_hop-05	70.329511695	pay_manager_approved=0.5281010752077939	require_finance_board=0.05583311265108298	reject_category=0.05663555333882926	require_director=0.3594302588022939
hard-sol-a-multi_hop-07	70.227460553	manual_equivalency=0.229545492049928	deny_score=0.1161017872935277	admit=0.370905116526027	deny_prerequisite=0.2834476041305173
hard-sol-a-multi_hop-08	68.702238576	safety_shutdown=0.22947517902757336	local_maintenance=0.4359144571188995	insufficient_log=0.09136374621529883	central_engineering=0.24324661763822844
hard-sol-a-multi_hop-09	69.366081366	confirm_l3=0.20749886026407144	require_steward=0.6911215389568258	switch_l4=0.031198603821741246	reject_capacity=0.07018099695736152
hard-sol-a-multi_hop-10	70.864873011	deny_sensitive=0.33522390968461563	needs_field_review=0.08656073340322591	reduce_to_30_days=0.36630054860393674	approve_45_days=0.2119148083082217
hard-sol-a-multi_hop-12	69.600324284	wrong_issue_class=0.1878753897265234	expired=0.2642966793065947	covered_recurrence=0.2050855715397807	needs_authentication=0.3427423594271013
hard-sol-a-trap-02	6.249569538	no=0.5647394963441358	yes=0.4352605036558641
hard-sol-a-trap-04	4.162317041	no=0.6612673840480636	yes=0.3387326159519364
hard-sol-a-trap-05	8.059446004	0=0.5978579687727998	1=0.08779452849752208	2=0.2100264605472548	3=0.10432104218242337
hard-sol-a-trap-06	8.056305015	close_confirmed=0.12906371057625235	keep_open_unresolved=0.8236223529546837	close_agent_verified=0.015215827852821957	await_internal_metrics=0.032098108616242044
hard-sol-a-trap-08	6.146840418	on_time=0.30578032106980485	late=0.6349761627134071	indeterminate=0.041276642655745086	canceled=0.017966873561043
hard-sol-a-trap-10	4.492724167	ready_one_review=0.24524578139966158	ready_two_reviews=0.08209512295682254	blocked_second_review=0.6149464723639859	blocked_failed_test=0.05771262327952991
hard-sol-a-trap-13	4.276626025	no=0.926851832446633	yes=0.07314816755336688
hard-sol-a-trap-15	6.717963038	no=0.7206336799775914	yes=0.2793663200224085
hard-sol-b-judge_hard-01	6.320793411	no=0.27649589450015566	yes=0.7235041054998442
hard-sol-b-judge_hard-02	4.616594407	no=0.2762496670488122	yes=0.7237503329511878
hard-sol-b-judge_hard-05	4.770777908	no=0.34002362592203406	yes=0.6599763740779659
hard-sol-b-judge_hard-08	4.484504433	no=0.20394276998956698	yes=0.7960572300104329
hard-sol-b-judge_hard-10	5.073728258	no=0.5624839755583692	yes=0.4375160244416309
hard-sol-b-judge_hard-14	5.242712171	no=0.9018681065696245	yes=0.0981318934303756
hard-sol-b-judge_hard-15	4.313677034	no=0.2566743875203732	yes=0.7433256124796268
hard-sol-b-judge_hard-18	3.555687066	no=0.7183571278902999	yes=0.28164287210970007
hard-sol-b-long_policy-01	86.094895404	approve_all=0.35942738387771844	approve_meals_only=0.10130904775704866	approve_lodging_only=0.13744812879409252	reject_entire_claim=0.4018154395711403
hard-sol-b-long_policy-02	80.279552718	analytics_owner_only=0.16380495061225295	privacy_only=0.0549325511323146	privacy_and_security=0.4783894396108692	deny_current_export=0.30287305864456326
hard-sol-b-long_policy-05	80.173159724	delete_everything=0.3542666246705834	delete_profile_omar_april_and_table=0.15930386978656313	delete_only_profile=0.1416995511001141	delete_nothing=0.3447299544427394
hard-sol-b-long_policy-06	83.413433835	harbor_neighbors=0.39289908886185937	east_ward=0.15624273300163263	river_arts=0.1852014652023232	no_award=0.26565671293418486
hard-sol-b-routing_hard-01	7.337487223	spreadsheet_formula=0.0738964118296379	office_file_repair=0.9064410149527098	data_pipeline=0.0029466612017534158	desktop_support=0.003706534006848914	finance_review=0.013009378009050098
hard-sol-b-routing_hard-02	6.857573623	payment_disputes=0.08927128584923394	ledger_reconciliation=0.872630118078442	mobile_app=0.011038117760491154	customer_support=0.012824262613051276	fraud_review=0.014236215698781326
hard-sol-b-routing_hard-03	6.906563161	authoritative_dns=0.17950799501014902	network_dns=0.7007188421855558	tls_certificates=0.012883263323263972	api_platform=0.005260583482981657	endpoint_devices=0.10162931599804942
hard-sol-b-routing_hard-07	6.750368114	code_signing=0.23566731775665103	release_notarization=0.7258136835241376	macos_runtime=0.008469265732626439	ci_infrastructure=0.011702498316218363	endpoint_security=0.018347234670366606
hard-sol-b-routing_hard-09	6.496583731	vpn_network=0.06653935912703314	source_access=0.8034132023579286	git_client=0.06533643536272303	repository_admin=0.03491365657004768	identity_login=0.029797346582267768
hard-sol-b-temporal_numeric-01	6.801642114	before_open=0.457126789192126	within_window=0.11878374137768351	late_by_under_2h=0.18136867727774522	late_by_2h_or_more=0.24272079215244524
hard-sol-b-temporal_numeric-02	7.152373142	at_least_100gb_below=0.36703313308339713	under_100gb_below=0.27966220535827874	exactly_equal=0.10077858470510573	over_limit=0.2525260768532183
hard-sol-b-temporal_numeric-03	5.702274537	6_credits=0.5598443886802389	9_credits=0.17353924262063727	12_credits=0.1882285296442372	15_credits=0.07838783905488655
hard-sol-b-temporal_numeric-04	5.590321488	pass=0.38374581909401423	narrow_fail=0.392530762598606	clear_fail=0.22372341830737977
hard-sol-c-judge_hard-03	8.902948663	no=0.5864782125761685	yes=0.4135217874238314
hard-sol-c-judge_hard-05	7.920681078	no=0.6419876402100498	yes=0.3580123597899503
hard-sol-c-judge_hard-07	7.267198064	no=0.6178054152771362	yes=0.3821945847228638
hard-sol-c-judge_hard-08	7.140936213	no=0.4127955050730371	yes=0.5872044949269629
hard-sol-c-judge_hard-09	7.554591539	no=0.3672419136647482	yes=0.6327580863352519
hard-sol-c-judge_hard-10	8.401653762	no=0.3256001194100276	yes=0.6743998805899724
hard-sol-c-judge_hard-11	7.99073244	no=0.9258091215665419	yes=0.07419087843345794
hard-sol-c-judge_hard-13	7.476434225	no=0.5284773343529309	yes=0.4715226656470692
hard-sol-c-judge_hard-15	6.373534357	no=0.27467235211558594	yes=0.7253276478844142
hard-sol-c-multi_hop-07	79.356417764	reject_draw=0.4213476326569888	release_draw=0.05826912113670949	partial_release=0.08448824126207288	programme_review=0.4358950049442287
hard-sol-c-multi_hop-09	79.354430772	bus_substitution=0.7043389857659303	call_fen_cross=0.044257462363517304	pass_fen_cross=0.10460481616647442	terminate_oakmere=0.14679873570407798
hard-sol-c-multi_hop-11	88.84399205	documentation_needed=0.5360967205484614	coverage_confirmed=0.0969751485879076	coverage_excluded=0.2956330009229131	adjuster_referral=0.07129512994071809
hard-sol-c-multi_hop-12	13.31483486	digital_copy_only=0.4706627605718677	conservation_hold=0.08689380995653624	deny_request=0.11483533197843115	supervised_delivery=0.32760809749316483
hard-sol-c-multi_hop-13	84.407625962	scrap_lot=0.20005632152556707	normal_release=0.6865079527681959	rework=0.04999100010034918	engineering_review=0.06344472560588789
