easy-intent-00	2.940721769	track_order=0.9358426477435182	cancel_order=0.010026997045216968	change_address=0.0029606495451419785	report_damage=0.009855824202906817	billing_question=0.04131388146321598
easy-intent-01	2.771982474	track_order=0.0012613337330023135	cancel_order=0.9729312750667926	change_address=0.002406444902811369	report_damage=0.0016841817930304597	billing_question=0.021716764504363512
easy-intent-02	2.855686379	track_order=0.037145745943114525	cancel_order=0.02357414808999843	change_address=0.8346701692146391	report_damage=0.011329503920508271	billing_question=0.09328043283173973
easy-intent-03	2.823128938	track_order=0.012444389499989293	cancel_order=0.006954290392223533	change_address=0.006431728553459626	report_damage=0.9278230168397489	billing_question=0.04634657471457843
easy-intent-04	2.989471818	track_order=0.0234707573634497	cancel_order=0.015835133471508705	change_address=0.0068603836506683	report_damage=0.009009302746758584	billing_question=0.9448244227676149
easy-intent-05	2.696783812	track_order=0.9256498046514305	cancel_order=0.013112845653949351	change_address=0.004024178461043019	report_damage=0.0038234942780268444	billing_question=0.05338967695555029
easy-intent-06	2.567790005	set_alarm=0.8669785599194206	play_music=0.019405392189022912	weather=0.009004435287070452	send_message=0.04261524799589006	turn_off_lights=0.06199636460859598
easy-intent-07	2.415049086	set_alarm=8.50688000932177E-4	play_music=0.9627326136880017	weather=0.0026460202921121724	send_message=0.0027540772380956736	turn_off_lights=0.031016600780858192
easy-intent-08	2.491667351	set_alarm=0.016564229110988482	play_music=0.022203152307073294	weather=0.912772436621368	send_message=0.013888866474048477	turn_off_lights=0.03457131548652177
easy-intent-09	2.548750263	set_alarm=0.027339415330125606	play_music=0.007549046743892748	weather=0.0066029898970460426	send_message=0.9114890243432658	turn_off_lights=0.04701952368566991
easy-intent-10	2.728120362	set_alarm=0.01317709905793962	play_music=0.007154446269844031	weather=0.0030862525128170937	send_message=0.004540232563922348	turn_off_lights=0.9720419695954768
easy-intent-11	2.611593386	set_alarm=0.8977213081985408	play_music=0.03216562386804664	weather=0.010310353954319236	send_message=0.018443018085376676	turn_off_lights=0.041359695893716714
easy-fact-00	1.706269121	no=0.17171073236486015	yes=0.8282892676351399
easy-fact-01	1.577991557	no=0.9206622926340583	yes=0.07933770736594174
easy-fact-02	1.750403111	no=0.11250960373962152	yes=0.8874903962603784
easy-fact-03	1.794778649	no=0.9257182810226754	yes=0.07428171897732469
easy-fact-04	1.586700097	no=0.40154616708959423	yes=0.5984538329104059
easy-fact-05	1.672281947	no=0.96025458016925	yes=0.03974541983074987
easy-fact-06	2.290638789	no=0.20239299923739726	yes=0.7976070007626027
easy-fact-07	1.720421767	no=0.9529360047987832	yes=0.047063995201216804
easy-fact-08	1.396324086	no=0.34448823251704785	yes=0.6555117674829521
easy-fact-09	1.379729971	no=0.8749615385609311	yes=0.1250384614390689
easy-fact-10	1.607891503	no=0.42423260995377604	yes=0.5757673900462239
easy-fact-11	1.605334578	no=0.9427923461983362	yes=0.05720765380166376
easy-extraction-00	1.660155688	credit_card=0.008055457847665776	paypal=0.8789934890102808	bank_transfer=0.045088598237157926	cash=0.06786245490489552
easy-extraction-01	1.671470653	credit_card=0.0416530473892726	paypal=0.01387817323317919	bank_transfer=0.011770313862543397	cash=0.9326984655150049
easy-extraction-02	1.800080582	credit_card=0.020036022760649197	paypal=0.011622819981027759	bank_transfer=0.851719402911344	cash=0.11662175434697913
easy-extraction-03	1.98165493	low=0.10328154733051309	medium=0.022106061020603987	high=0.28900024601069935	urgent=0.5856121456381835
easy-extraction-04	2.113794762	low=0.9349800311916343	medium=0.014857403167191223	high=0.007005121097309681	urgent=0.04315744454386477
easy-extraction-05	1.650630124	low=0.017767757631673382	medium=0.0028387285210990073	high=0.0042460613939744	urgent=0.9751474524532532
easy-extraction-06	1.515419185	S=0.01073142168717347	M=0.9028037712323216	L=0.024478737272217624	XL=0.06198606980828732
easy-extraction-07	1.529772417	S=0.021949424619440185	M=0.01499094984652109	L=0.02100605799824972	XL=0.9420535675357891
easy-extraction-08	1.733581348	monday=0.004798630068947973	tuesday=0.008984270161726614	wednesday=0.0036404360830220063	thursday=0.9376697464016435	friday=0.04490691728466016
easy-extraction-09	1.832838099	monday=0.8095468546766031	tuesday=0.04330174214063206	wednesday=0.01114306936951822	thursday=0.01699534911377411	friday=0.11901298469947251
easy-extraction-10	1.922373005	monday=0.013587917975067365	tuesday=0.013973727847254782	wednesday=0.019563075104604904	thursday=0.013973461322089525	friday=0.9389018177509834
easy-extraction-11	1.903752345	credit_card=0.9548374121272035	paypal=0.004460043315713938	bank_transfer=0.003339609035013549	cash=0.0373629355220689
easy-tool_selection-00	2.522614992	get_weather=0.9525366506822568	send_email=0.00822372172974393	create_calendar_event=0.002896352982397321	convert_currency=0.007615018300783423	translate_text=0.028728256304818494
easy-tool_selection-01	2.528121163	get_weather=3.7440534751565245E-4	send_email=0.9704129357481601	create_calendar_event=0.003528933731446767	convert_currency=0.003530559619903309	translate_text=0.022153165552974103
easy-tool_selection-02	2.603441026	get_weather=0.005382754612274117	send_email=0.009151624953162789	create_calendar_event=0.9057081685056569	convert_currency=0.013329193822369615	translate_text=0.06642825810653659
easy-tool_selection-03	2.546082011	get_weather=0.021299347836175972	send_email=0.010658244200741985	create_calendar_event=0.0018990872364985335	convert_currency=0.9196879478790422	translate_text=0.04645537284754143
easy-tool_selection-04	2.457091398	get_weather=0.0025124119183283617	send_email=0.0046946942899468505	create_calendar_event=0.00225989558087848	convert_currency=0.007771855979109789	translate_text=0.9827611422317365
easy-tool_selection-05	2.60475507	get_weather=0.008738718895848024	send_email=0.006497211377847078	create_calendar_event=0.8965108906465615	convert_currency=0.015329573961249149	translate_text=0.07292360511849427
easy-tool_selection-06	2.873688023	search_flights=0.9740256711974853	book_restaurant=0.005649164507559819	set_reminder=0.0018391225332316443	get_stock_price=0.004423428140332276	call_taxi=0.014062613621390902
easy-tool_selection-07	3.038739086	search_flights=0.017449474605768713	book_restaurant=0.9398476364899984	set_reminder=0.009935643214484487	get_stock_price=0.0027036804938262646	call_taxi=0.030063565195922223
easy-tool_selection-08	3.116519986	search_flights=0.00825161827904266	book_restaurant=0.006167894128799266	set_reminder=0.9638852313190552	get_stock_price=0.002582388664271028	call_taxi=0.019112867608831904
easy-tool_selection-09	2.65140931	search_flights=0.009318014821750563	book_restaurant=0.0117744359516357	set_reminder=0.0037632747560071484	get_stock_price=0.9553752676659174	call_taxi=0.019769006804689158
easy-tool_selection-10	2.601220145	search_flights=0.002504305265225227	book_restaurant=0.0030850019001300273	set_reminder=0.001196712809576594	get_stock_price=0.006108414694866611	call_taxi=0.9871055653302016
easy-tool_selection-11	2.652132276	search_flights=0.004775615060442987	book_restaurant=0.00489190632857116	set_reminder=0.9638529450317583	get_stock_price=0.0029587808651043187	call_taxi=0.023520752714123145
original-policy-01-0	2.000923022	no=0.9359745842567913	yes=0.06402541574320872
original-policy-01-1	2.115841438	no=0.8485486266907958	yes=0.1514513733092043
original-policy-02-0	1.98735219	no=0.7829491504629981	yes=0.21705084953700188
original-policy-02-1	1.829428025	no=0.7351400283411947	yes=0.26485997165880526
original-policy-03-0	1.781767596	no=0.645226886891264	yes=0.35477311310873605
original-policy-03-1	1.762573133	no=0.9019317273718073	yes=0.0980682726281928
original-policy-04-0	1.937013259	no=0.7889162428946953	yes=0.2110837571053046
original-policy-04-1	1.836436308	no=0.8745687088113774	yes=0.1254312911886225
original-policy-05-0	2.02448155	no=0.7827776344115029	yes=0.21722236558849714
original-policy-05-1	1.842459288	no=0.854752553384265	yes=0.14524744661573497
original-policy-06-0	2.217353851	no=0.4977002306039798	yes=0.5022997693960203
original-policy-06-1	2.092127311	no=0.549566490847051	yes=0.4504335091529489
original-intent-01-0	2.285517707	cancel=0.044241351621805355	refund=0.8559051186568208	status=0.009355177167275231	change_address=0.011346525999787584	other=0.07915182655431106
original-intent-01-1	2.107661439	cancel=0.009218234326043944	refund=0.8824963348704066	status=0.008900015458691348	change_address=0.012026192594861559	other=0.0873592227499967
original-intent-02-0	2.160818273	cancel=0.010329328375131348	refund=0.02498795486065356	status=0.5102768920719353	change_address=0.06847558420006744	other=0.38593024049221225
original-intent-02-1	2.142195041	cancel=0.013624577770997308	refund=0.01623117402532865	status=0.8008575308602993	change_address=0.0253710323000519	other=0.14391568504332272
original-intent-03-0	2.148343473	cancel=0.008414383684761884	refund=0.010224081027204082	status=0.005983410154219571	change_address=0.8441752336649416	other=0.13120289146887285
original-intent-03-1	2.215532796	cancel=0.009563346495367657	refund=0.016119267217132464	status=0.00844459919371494	change_address=0.8014034155563149	other=0.16446937153747
original-intent-04-0	2.471015005	cancel=0.6832451223712671	refund=0.09126543559117387	status=0.020349763238506516	change_address=0.02104390473115014	other=0.18409577406790242
original-intent-04-1	2.169511696	cancel=0.42122410570495683	refund=0.19179454224595194	status=0.027503249313251522	change_address=0.033853424794652816	other=0.3256246779411868
original-intent-05-0	2.132166903	cancel=0.0031210039594254065	refund=0.8512758932335185	status=0.01632319379611252	change_address=0.012760226919209186	other=0.11651968209173433
original-intent-05-1	2.134078063	cancel=0.002445245366206315	refund=0.9072773150271733	status=0.018457883411316198	change_address=0.0082544430946573	other=0.0635651131006469
original-intent-06-0	2.076913202	cancel=0.01973461352818356	refund=0.026369678913809834	status=0.6567445206023617	change_address=0.018916324211302606	other=0.2782348627443424
original-intent-06-1	2.157076935	cancel=0.007473332901789321	refund=0.020263562545713144	status=0.7331980822206855	change_address=0.023212866195305198	other=0.21585215613650693
original-ordinal-01-0	2.347429198	0=0.3686691230169075	1=0.3332268302759166	2=0.054665091027562854	3=0.24343895567961307
original-ordinal-01-1	2.426309444	0=0.6015042393272879	1=0.20217853488855034	2=0.05913071539050418	3=0.13718651039365753
original-ordinal-02-0	2.692024684	0=0.06974674381086335	1=0.6980833347853765	2=0.04242830380857958	3=0.1897416175951805
original-ordinal-02-1	2.721669204	0=0.10626546124100907	1=0.6600907405422589	2=0.04116794750129346	3=0.1924758507154385
original-ordinal-03-0	2.590603665	0=0.08505336237530796	1=0.121809499997153	2=0.597247537319153	3=0.1958896003083862
original-ordinal-03-1	2.427367691	0=0.138138794836105	1=0.26308656072840836	2=0.307683207623605	3=0.29109143681188165
original-ordinal-04-0	2.498698638	0=0.0809004738697829	1=0.10523975736599676	2=0.05259888151126404	3=0.7612608872529564
original-ordinal-04-1	2.418630618	0=0.1376496111172902	1=0.13250264145607718	2=0.055374876769777315	3=0.6744728706568552
original-ordinal-05-0	2.451602451	0=0.515572335979699	1=0.10415616926570033	2=0.09372575886576363	3=0.2865457358888371
original-ordinal-05-1	2.553686757	0=0.34169067085233823	1=0.24028197119020292	2=0.14234823740714259	3=0.2756791205503163
original-ordinal-06-0	2.712349181	0=0.0831356779386504	1=0.32172642174057725	2=0.36701406474859694	3=0.22812383557217544
original-ordinal-06-1	2.651136553	0=0.09620921471458123	1=0.20212941152244276	2=0.5045412797236982	3=0.1971200940392777
original-extraction-01-0	1.785164637	courier=0.47956196765334913	pickup=0.3289283303744214	post=0.08732289614115679	unknown=0.10418680583107269
original-extraction-01-1	1.79349047	courier=0.1285379126870916	pickup=0.5950395340433926	post=0.1483916233380782	unknown=0.12803092993143755
original-extraction-02-0	1.84415618	courier=0.09343914863863303	pickup=0.11156560106593434	post=0.6250643311549142	unknown=0.16993091914051842
original-extraction-02-1	1.862043852	courier=0.12004891366596464	pickup=0.09025285501742332	post=0.40252615467637337	unknown=0.3871720766402388
original-extraction-03-0	1.97260145	courier=0.6844388032474328	pickup=0.12508640512034888	post=0.07589674601110089	unknown=0.11457804562111742
original-extraction-03-1	1.993469819	courier=0.7850472937532226	pickup=0.10209680015305804	post=0.06854062696918727	unknown=0.04431527912453215
original-extraction-04-0	2.152880039	courier=0.025675119650966978	pickup=0.08688316111436058	post=0.8579322224580477	unknown=0.02950949677662464
original-extraction-04-1	2.13185996	courier=0.04440059708057658	pickup=0.028294746033352965	post=0.8947488760640357	unknown=0.03255578082203474
original-extraction-05-0	1.837863666	courier=0.23121755595736862	pickup=0.11480075812757885	post=0.1332408244866535	unknown=0.520740861428399
original-extraction-05-1	1.741330628	courier=0.2997345317231216	pickup=0.09678192884528777	post=0.2112003400243157	unknown=0.3922831994072749
original-extraction-06-0	1.841374393	courier=0.8603773532587227	pickup=0.01970811719532297	post=0.09221680607271701	unknown=0.027697723473237387
original-extraction-06-1	1.797272719	courier=0.8257878746128826	pickup=0.021588308829119714	post=0.12809284071115917	unknown=0.024530975846838624
original-adequacy-01-0	1.705723528	no=0.3796011562040743	yes=0.6203988437959257
original-adequacy-01-1	1.755469261	no=0.38957692074146105	yes=0.6104230792585389
original-adequacy-02-0	1.544696513	no=0.7183002048681164	yes=0.2816997951318837
original-adequacy-02-1	1.556288495	no=0.9551137616577835	yes=0.044886238342216445
original-adequacy-03-0	1.616580841	no=0.5287948167628529	yes=0.47120518323714716
original-adequacy-03-1	1.686120901	no=0.6980710246996781	yes=0.3019289753003219
original-adequacy-04-0	1.687886506	no=0.31964794643851435	yes=0.6803520535614855
original-adequacy-04-1	1.69671741	no=0.4416175052957911	yes=0.558382494704209
original-adequacy-05-0	1.708649884	no=0.44167065392450794	yes=0.558329346075492
original-adequacy-05-1	1.85493027	no=0.4065269271204934	yes=0.5934730728795067
original-adequacy-06-0	1.766748962	no=0.2849827520732525	yes=0.7150172479267475
original-adequacy-06-1	1.838625039	no=0.5254558580461556	yes=0.4745441419538444
original-routing-01-0	2.806789981	math=0.7228023449680203	coding=0.08287012914259446	coding_agent=0.032774036091317765	document=0.010392552530586567	tools=0.039006003129694294	general=0.11215493413778653
original-routing-01-1	2.718911645	math=0.621845240545411	coding=0.11574728175256148	coding_agent=0.07742432567828521	document=0.020152819700260182	tools=0.042924713388194036	general=0.12190561893528798
original-routing-02-0	2.874498856	math=0.03026371192704506	coding=0.5240240697085643	coding_agent=0.24548337037982443	document=0.029891367379836147	tools=0.040955860602012686	general=0.1293816200027174
original-routing-02-1	2.943886989	math=0.026123649384558016	coding=0.788355647721092	coding_agent=0.04977113528577277	document=0.018925289412416137	tools=0.018969415363820106	general=0.0978548628323409
original-routing-03-0	2.879467567	math=0.008695229789158366	coding=0.005714714779943749	coding_agent=0.8980791206006749	document=0.011146171864264467	tools=0.009704736007825844	general=0.06666002695813257
original-routing-03-1	2.854335644	math=0.009891536992307806	coding=0.006953442084234706	coding_agent=0.8997350594000496	document=0.0046267196300347506	tools=0.004260647265158411	general=0.07453259462821463
original-routing-04-0	2.742007133	math=0.014276331346676783	coding=0.0065399904839602415	coding_agent=0.0933317001776145	document=0.8075148494696701	tools=0.026697197492615	general=0.05163993102946337
original-routing-04-1	2.713052424	math=0.014134833017289747	coding=0.0057786112158639425	coding_agent=0.033511450554678	document=0.8541065095556442	tools=0.020465631507334405	general=0.0720029641491897
original-routing-05-0	2.73157133	math=0.008418628518213556	coding=0.006789434294604037	coding_agent=0.015743856041230953	document=0.006116889851837481	tools=0.8925769269932875	general=0.07035426430082652
original-routing-05-1	2.808370282	math=0.024359200984018427	coding=0.019988739443444547	coding_agent=0.08777240043269803	document=0.01766220390090006	tools=0.7108639333427825	general=0.13935352189615643
original-routing-06-0	2.846333005	math=0.030562897160964737	coding=0.19096948506597988	coding_agent=0.20575638875292623	document=0.10325617767361821	tools=0.06893882076278753	general=0.4005162305837235
original-routing-06-1	2.991589136	math=0.03503492686096608	coding=0.17832276449071466	coding_agent=0.320549346572131	document=0.040390768537203935	tools=0.05793180707017974	general=0.3677703864688045
