easy-intent-00	2.890509197	track_order=0.9760871937900658	cancel_order=0.007430212970748751	change_address=0.005164463387412663	report_damage=0.00824169908559389	billing_question=0.0030764307661787795
easy-intent-01	2.634440054	track_order=0.01855841264972174	cancel_order=0.9717298917606962	change_address=0.003203911507628872	report_damage=0.0037732334885233324	billing_question=0.002734550593429911
easy-intent-02	2.676810333	track_order=0.0186903345535155	cancel_order=0.004168122889678933	change_address=0.9584082399249154	report_damage=0.016299387886900548	billing_question=0.0024339147449896903
easy-intent-03	2.586633724	track_order=0.016092035736970284	cancel_order=7.328456063274625E-4	change_address=0.0033831317917076774	report_damage=0.9787876752239822	billing_question=0.0010043116410122655
easy-intent-04	2.813943242	track_order=0.0400169350511743	cancel_order=0.008081388211162315	change_address=0.007367807704696335	report_damage=0.09202749522173823	billing_question=0.8525063738112287
easy-intent-05	2.638393853	track_order=0.9548837821266728	cancel_order=0.00672100303851544	change_address=0.0066964860930914015	report_damage=0.01641743476632263	billing_question=0.015281293975397958
easy-intent-06	2.383188358	set_alarm=0.9689068354189045	play_music=0.003243738596512799	weather=0.0038101393718733053	send_message=0.011882450710858533	turn_off_lights=0.01215683590185104
easy-intent-07	2.218314587	set_alarm=0.024365590804212838	play_music=0.953994699036053	weather=0.0046101160237561525	send_message=0.007232051351299449	turn_off_lights=0.009797542784678696
easy-intent-08	2.251205387	set_alarm=0.011151887563705287	play_music=0.007089476944743193	weather=0.9521892152744416	send_message=0.026950340534348888	turn_off_lights=0.002619079682760939
easy-intent-09	2.30865199	set_alarm=0.011585646274535698	play_music=0.001865441570334923	weather=0.0027099545371161416	send_message=0.9813210088805532	turn_off_lights=0.002517948737460045
easy-intent-10	2.47639126	set_alarm=0.034749965560393524	play_music=0.004009245698856487	weather=0.0023243799503251937	send_message=0.01053003597493991	turn_off_lights=0.9483863728154849
easy-intent-11	2.494940834	set_alarm=0.9833517089624999	play_music=0.0012089717162676425	weather=0.0020612465120706624	send_message=0.010377411914584496	turn_off_lights=0.0030006608945774772
easy-fact-00	1.572770741	no=0.08616024313551544	yes=0.9138397568644846
easy-fact-01	1.677679069	no=0.94732587195954	yes=0.05267412804046001
easy-fact-02	1.71293452	no=0.15259323180700532	yes=0.8474067681929947
easy-fact-03	1.788106513	no=0.8727472081695895	yes=0.12725279183041047
easy-fact-04	1.549181471	no=0.30473590123398314	yes=0.6952640987660169
easy-fact-05	1.594100422	no=0.7074919417940904	yes=0.2925080582059097
easy-fact-06	2.082582483	no=0.5038580128793799	yes=0.49614198712062013
easy-fact-07	1.723448744	no=0.9149305020025781	yes=0.08506949799742201
easy-fact-08	1.458139167	no=0.698108410112123	yes=0.30189158988787707
easy-fact-09	1.411396285	no=0.824726767356379	yes=0.17527323264362102
easy-fact-10	1.581748779	no=0.11884871862366995	yes=0.88115128137633
easy-fact-11	1.676334223	no=0.749403632956208	yes=0.250596367043792
easy-extraction-00	1.572438136	credit_card=0.02747388700024809	paypal=0.9368867671967164	bank_transfer=0.008913988849840142	cash=0.02672535695319537
easy-extraction-01	1.601216403	credit_card=0.026038994397648667	paypal=0.004019568658935571	bank_transfer=0.006347819920460655	cash=0.9635936170229551
easy-extraction-02	1.767718059	credit_card=0.039637590891731196	paypal=0.014357221682316176	bank_transfer=0.926602510933255	cash=0.019402676492697668
easy-extraction-03	1.845292699	low=0.0601568809916203	medium=0.046372636572051734	high=0.6864581205601573	urgent=0.2070123618761706
easy-extraction-04	1.930525468	low=0.8971739792159806	medium=0.013590737606987702	high=0.03396076077044866	urgent=0.05527452240658319
easy-extraction-05	1.564064013	low=0.01879866279655264	medium=0.003352878199351924	high=0.008109560126582755	urgent=0.9697388988775127
easy-extraction-06	1.453864705	S=0.013126847667138406	M=0.9635797788238686	L=0.008656381639799244	XL=0.014636991869193736
easy-extraction-07	1.389038987	S=0.042262096671602294	M=0.03114999315395153	L=0.02615009792821427	XL=0.900437812246232
easy-extraction-08	1.694161479	monday=0.008019300013402456	tuesday=9.990783543032792E-4	wednesday=0.012585582311923884	thursday=0.9780400609897626	friday=3.5597833060779685E-4
easy-extraction-09	1.785501635	monday=0.8805258783477888	tuesday=0.01923859752703879	wednesday=0.029562111230675953	thursday=0.0611562898839748	friday=0.00951712301052175
easy-extraction-10	1.890367884	monday=0.017401399149275465	tuesday=0.0023924106526323416	wednesday=0.004293286948486394	thursday=0.03820584835325177	friday=0.937707054896354
easy-extraction-11	1.817266784	credit_card=0.898630385325098	paypal=0.009511262790427803	bank_transfer=0.011681995163113348	cash=0.08017635672136098
easy-tool_selection-00	2.369240907	get_weather=0.9662428126434408	send_email=0.003446332346974393	create_calendar_event=0.006302740335216058	convert_currency=0.01772708379992032	translate_text=0.006281030874448244
easy-tool_selection-01	2.398679708	get_weather=0.015844635975315876	send_email=0.9769430003279199	create_calendar_event=0.0021854015795495455	convert_currency=0.0024522391624003576	translate_text=0.002574722954814228
easy-tool_selection-02	2.502884958	get_weather=0.019734723837621274	send_email=0.006330080000324664	create_calendar_event=0.9648925122752866	convert_currency=0.006284785463385438	translate_text=0.002757898423381841
easy-tool_selection-03	2.428074012	get_weather=0.008128046792958001	send_email=0.0010772467466056525	create_calendar_event=0.0010004664017002503	convert_currency=0.9886376839429741	translate_text=0.0011565561157619413
easy-tool_selection-04	2.318566596	get_weather=0.020141818128524003	send_email=9.79760916273553E-4	create_calendar_event=5.590506314306639E-4	convert_currency=0.0022929207286477987	translate_text=0.976026449595124
easy-tool_selection-05	2.564628004	get_weather=0.016844428727152704	send_email=0.006142652483806242	create_calendar_event=0.9709495349031549	convert_currency=0.004411881066133163	translate_text=0.0016515028197529066
easy-tool_selection-06	2.875713261	search_flights=0.983729449298513	book_restaurant=0.002403111751525269	set_reminder=0.0030776069992972978	get_stock_price=0.006997640468335043	call_taxi=0.00379219148232929
easy-tool_selection-07	2.947765979	search_flights=0.017898134186928073	book_restaurant=0.9667749406842571	set_reminder=0.005640492572683469	get_stock_price=0.006314660784819554	call_taxi=0.003371771771311911
easy-tool_selection-08	2.841373472	search_flights=0.009999285813023593	book_restaurant=0.0015913580334813169	set_reminder=0.9828061774024018	get_stock_price=0.004136176223986867	call_taxi=0.001467002527106184
easy-tool_selection-09	2.608283834	search_flights=0.011063371982074549	book_restaurant=8.454149518048381E-4	set_reminder=0.002921585433526928	get_stock_price=0.9843956425360458	call_taxi=7.73985096547899E-4
easy-tool_selection-10	2.591621421	search_flights=0.03559578732577376	book_restaurant=0.0027814991530205517	set_reminder=0.005242113460078925	get_stock_price=0.0063531222859361585	call_taxi=0.9500274777751906
easy-tool_selection-11	2.630806942	search_flights=0.00877989740625766	book_restaurant=0.0014770057664432019	set_reminder=0.985789167669281	get_stock_price=0.0034998737862906464	call_taxi=4.540553717274096E-4
original-policy-01-0	1.972825269	no=0.8237944315827934	yes=0.17620556841720655
original-policy-01-1	2.178085251	no=0.8968447141167388	yes=0.10315528588326121
original-policy-02-0	2.052382564	no=0.21898922969918216	yes=0.7810107703008178
original-policy-02-1	1.841992351	no=0.5218205049643494	yes=0.4781794950356507
original-policy-03-0	1.826879945	no=0.5335621845768089	yes=0.46643781542319107
original-policy-03-1	1.763323501	no=0.7877422987505934	yes=0.21225770124940663
original-policy-04-0	1.9605071	no=0.23656583679870016	yes=0.7634341632012998
original-policy-04-1	1.914789664	no=0.6832733821373573	yes=0.31672661786264256
original-policy-05-0	2.060116708	no=0.7982878422916923	yes=0.2017121577083077
original-policy-05-1	1.97104105	no=0.8726796193211924	yes=0.12732038067880766
original-policy-06-0	2.249457423	no=0.33240097533257407	yes=0.6675990246674259
original-policy-06-1	2.155319794	no=0.2584904688452362	yes=0.7415095311547639
original-intent-01-0	2.290911197	cancel=0.031156686972629837	refund=0.933620014560528	status=0.012474678458624464	change_address=0.010238438719118476	other=0.012510181289099281
original-intent-01-1	2.102769294	cancel=0.035721479953062664	refund=0.9055497161845809	status=0.01741623348894767	change_address=0.01174041801425818	other=0.0295721523591505
original-intent-02-0	2.083249841	cancel=0.05385953227173249	refund=0.019561996369229746	status=0.7304759982324668	change_address=0.126265795910402	other=0.06983667721616893
original-intent-02-1	2.084295912	cancel=0.04002959670430499	refund=0.01397417355261612	status=0.882397291344193	change_address=0.044987689638986327	other=0.018611248759899668
original-intent-03-0	2.100655691	cancel=0.0306488007095551	refund=0.009350869005389843	status=0.0033648555823230365	change_address=0.9531689516794547	other=0.0034665230232773653
original-intent-03-1	2.21568873	cancel=0.020590715473373555	refund=0.008383355682529113	status=0.004452362348308949	change_address=0.9606204466032741	other=0.005953119892514316
original-intent-04-0	2.441241807	cancel=0.4236020557378084	refund=0.20407680629566258	status=0.03551172912254031	change_address=0.05963713740138371	other=0.27717227144260487
original-intent-04-1	2.217914842	cancel=0.328279415536202	refund=0.15716222492168666	status=0.048343467438103783	change_address=0.09089556263401607	other=0.37531932946999147
original-intent-05-0	2.05952014	cancel=0.0805008082891886	refund=0.8406988954921519	status=0.029636771168909747	change_address=0.02992421435590044	other=0.019239310693849217
original-intent-05-1	2.069462254	cancel=0.04474939215480856	refund=0.8949170334854296	status=0.0289316977224735	change_address=0.017859813255405824	other=0.013542063381882678
original-intent-06-0	2.043634175	cancel=0.12061706805467623	refund=0.030591557024744507	status=0.8007447628735183	change_address=0.03311337234241571	other=0.014933239704645312
original-intent-06-1	2.111053977	cancel=0.06993953647918066	refund=0.013415871402697255	status=0.8857706407885183	change_address=0.023771935395976947	other=0.007102015933626787
original-ordinal-01-0	2.337265825	0=0.7101611421136292	1=0.030508467396032305	2=0.08151916344739357	3=0.1778112270429448
original-ordinal-01-1	2.34185552	0=0.6594122834331932	1=0.06618905464705252	2=0.08549585939987295	3=0.1889028025198812
original-ordinal-02-0	2.547882376	0=0.104256430712749	1=0.7804667822903754	2=0.04279344543672783	3=0.07248334156014782
original-ordinal-02-1	2.625300388	0=0.16082265289897776	1=0.6916754509134292	2=0.03733706446703348	3=0.11016483172055948
original-ordinal-03-0	2.541304431	0=0.1496986136258892	1=0.062437836102931146	2=0.6507115119084131	3=0.13715203836276646
original-ordinal-03-1	2.342488793	0=0.21053850947623465	1=0.17409735242518368	2=0.4145071188993698	3=0.20085701919921187
original-ordinal-04-0	2.356888469	0=0.05771328931908425	1=0.020123093375638557	2=0.05168119283153799	3=0.8704824244737392
original-ordinal-04-1	2.33450881	0=0.07847525445038955	1=0.021239128697872384	2=0.09913543627945721	3=0.8011501805722808
original-ordinal-05-0	2.413254812	0=0.5460708129535042	1=0.050896264121391206	2=0.14343586545240045	3=0.259597057472704
original-ordinal-05-1	2.541624606	0=0.431705559523886	1=0.11902137232369325	2=0.24559352881738053	3=0.20367953933504027
original-ordinal-06-0	2.688242935	0=0.24634551993766382	1=0.12917008390097334	2=0.4814488664390159	3=0.14303552972234682
original-ordinal-06-1	2.749612194	0=0.068955020547379	1=0.05249604816369267	2=0.8057327770403969	3=0.07281615424853143
original-extraction-01-0	1.786395967	courier=0.2008726815086067	pickup=0.5184644736960072	post=0.00419118789807419	unknown=0.27647165689731185
original-extraction-01-1	1.849201573	courier=0.10098042408464375	pickup=0.6853930316091154	post=0.013061377225589211	unknown=0.2005651670806515
original-extraction-02-0	1.904820829	courier=0.021836161131962746	pickup=0.03716373056595385	post=0.19342529550959098	unknown=0.7475748127924924
original-extraction-02-1	1.822084842	courier=0.04845467936395329	pickup=0.022178013067621863	post=0.12812663231591465	unknown=0.8012406752525102
original-extraction-03-0	1.932183848	courier=0.3620203564981361	pickup=0.2772061021099151	post=0.006664207906582787	unknown=0.35410933348536605
original-extraction-03-1	1.918758734	courier=0.5499979350917068	pickup=0.10166509301864594	post=0.012310765702529418	unknown=0.3360262061871179
original-extraction-04-0	2.03569302	courier=0.07778252910944428	pickup=0.03958809763106691	post=0.7091239747018986	unknown=0.17350539855759028
original-extraction-04-1	2.097435403	courier=0.056144836792187444	pickup=0.024721769505180645	post=0.8127572442895857	unknown=0.10637614941304603
original-extraction-05-0	2.188360954	courier=0.04303470036492072	pickup=0.031788498876176685	post=0.015357700196518087	unknown=0.9098191005623845
original-extraction-05-1	1.783695737	courier=0.09732864776225891	pickup=0.03929962204439779	post=0.0111518743461772	unknown=0.8522198558471662
original-extraction-06-0	1.904881244	courier=0.4465950616514259	pickup=0.03374645107225367	post=0.11172087289369916	unknown=0.40793761438262116
original-extraction-06-1	1.845504558	courier=0.3963946776588838	pickup=0.031898125522385586	post=0.029747978355129837	unknown=0.5419592184636008
original-adequacy-01-0	1.669388485	no=0.2605558958776039	yes=0.739444104122396
original-adequacy-01-1	1.655162434	no=0.530664060029241	yes=0.46933593997075895
original-adequacy-02-0	1.854084366	no=0.3660765788269759	yes=0.633923421173024
original-adequacy-02-1	1.689945387	no=0.6702525885737827	yes=0.3297474114262174
original-adequacy-03-0	1.659767772	no=0.17780696570628718	yes=0.8221930342937129
original-adequacy-03-1	1.715554067	no=0.33984088372765137	yes=0.6601591162723487
original-adequacy-04-0	1.727159628	no=0.5318975586588551	yes=0.4681024413411449
original-adequacy-04-1	1.680477514	no=0.7530444410912386	yes=0.24695555890876134
original-adequacy-05-0	1.511345108	no=0.3434909644247688	yes=0.6565090355752312
original-adequacy-05-1	1.605145386	no=0.30381611216962945	yes=0.6961838878303707
original-adequacy-06-0	2.048070239	no=0.1633450603309827	yes=0.8366549396690173
original-adequacy-06-1	2.348214581	no=0.28554119035976017	yes=0.7144588096402398
original-routing-01-0	2.731221042	math=0.8515303589612444	coding=0.009309908173106052	coding_agent=0.01719162706618568	document=0.004916351137316123	tools=0.008060243385926735	general=0.10899151127622107
original-routing-01-1	2.669766767	math=0.8236659078625466	coding=0.009749451636233393	coding_agent=0.01975607880776922	document=0.007926557985225407	tools=0.006804792792345808	general=0.1320972109158795
original-routing-02-0	2.731813915	math=0.08008433013236615	coding=0.5435331283326539	coding_agent=0.23765638563933236	document=0.00470407527487392	tools=0.004933958163422496	general=0.12908812245735118
original-routing-02-1	2.64607713	math=0.061839902112040865	coding=0.7157164424888147	coding_agent=0.06870684092135282	document=0.003669024098333837	tools=0.004147466469890407	general=0.1459203239095673
original-routing-03-0	2.801287257	math=0.059241663245906045	coding=0.025516751059297398	coding_agent=0.8629600757372923	document=0.0031543150313656184	tools=0.001166015277516701	general=0.04796117964862187
original-routing-03-1	3.04221424	math=0.11464942992353555	coding=0.009018993700324081	coding_agent=0.8409545805919607	document=0.0034523732152720882	tools=0.001485575250976802	general=0.0304390473179308
original-routing-04-0	2.779351399	math=0.039682466023765205	coding=0.01049555113791455	coding_agent=0.01692456540212763	document=0.9016093836086335	tools=0.005341130021160099	general=0.025946903806399024
original-routing-04-1	2.669009504	math=0.04887262749802663	coding=0.01854519890648019	coding_agent=0.01418385684378262	document=0.7711563509287905	tools=0.011829646660103848	general=0.13541231916281601
original-routing-05-0	2.731104211	math=0.09700442285234552	coding=0.029951487808014945	coding_agent=0.04758780049397527	document=0.012031896648559935	tools=0.7459882173867954	general=0.06743617481030899
original-routing-05-1	2.75400311	math=0.06757858697842013	coding=0.03219245613466172	coding_agent=0.0951496050991538	document=0.011358495622000623	tools=0.34699550729826384	general=0.4467253488674999
original-routing-06-0	2.678358363	math=0.12498496408545158	coding=0.18114583979288235	coding_agent=0.15088491853808234	document=0.014669699648760156	tools=0.012492627036182313	general=0.5158219508986412
original-routing-06-1	2.642636197	math=0.12240518186457013	coding=0.1277530956679441	coding_agent=0.327603245035732	document=0.02702824760817162	tools=0.03885610769794746	general=0.3563541221256348
