easy-intent-00	4.936130027	track_order=0.9464522949897329	cancel_order=0.015646119941318683	change_address=0.004572266606111276	report_damage=0.007763654917643202	billing_question=0.025565663545193934
easy-intent-01	4.681961864	track_order=0.02113077579120869	cancel_order=0.9617749677280016	change_address=0.00184327406593115	report_damage=0.0023324597535161226	billing_question=0.012918522661342483
easy-intent-02	4.823431199	track_order=0.0577908058817909	cancel_order=0.01723104378806706	change_address=0.8615899095950107	report_damage=0.012950915522868605	billing_question=0.050437325212262886
easy-intent-03	4.540476512	track_order=0.021190895986051672	cancel_order=0.0042680603576046505	change_address=0.006478916993297592	report_damage=0.9443073084000324	billing_question=0.02375481826301362
easy-intent-04	4.513459003	track_order=0.04472115493883558	cancel_order=0.011627564239329088	change_address=0.006171314030902715	report_damage=0.01936037322371597	billing_question=0.9181195935672167
easy-intent-05	4.441791747	track_order=0.9544707070246174	cancel_order=0.00919390983194967	change_address=0.0038174769346850847	report_damage=0.003581465776424152	billing_question=0.02893644043232362
easy-intent-06	4.273936844	set_alarm=0.9209759320122239	play_music=0.011798266462282226	weather=0.007151683681272331	send_message=0.024422703985598482	turn_off_lights=0.03565141385862309
easy-intent-07	4.102034288	set_alarm=0.03831407439832428	play_music=0.938769471636097	weather=0.0036564891361101012	send_message=0.002600350209271454	turn_off_lights=0.01665961462019712
easy-intent-08	3.988301267	set_alarm=0.025900098372300288	play_music=0.01733417152309549	weather=0.9180033937490089	send_message=0.01822748277531471	turn_off_lights=0.02053485358028055
easy-intent-09	4.139413911	set_alarm=0.033556967930547674	play_music=0.005798729767069354	weather=0.00812579220662584	send_message=0.927273473094245	turn_off_lights=0.025245037001512177
easy-intent-10	4.677460997	set_alarm=0.061897632973119135	play_music=0.01230079335715766	weather=0.006138564270013273	send_message=0.011499494575105492	turn_off_lights=0.9081635148246043
easy-intent-11	4.157916914	set_alarm=0.9334680344096185	play_music=0.018626268607137696	weather=0.007844966029897529	send_message=0.015449921690586989	turn_off_lights=0.024610809262759374
easy-fact-00	2.743780487	no=0.17088845330138958	yes=0.8291115466986104
easy-fact-01	2.826348373	no=0.9046488025690678	yes=0.09535119743093223
easy-fact-02	3.206086857	no=0.12538087348703397	yes=0.8746191265129659
easy-fact-03	3.059744269	no=0.9157932580022208	yes=0.0842067419977792
easy-fact-04	2.700882847	no=0.30331441331574205	yes=0.696685586684258
easy-fact-05	3.087382716	no=0.8929124007099689	yes=0.10708759929003114
easy-fact-06	3.625618964	no=0.2157463476936461	yes=0.7842536523063539
easy-fact-07	2.638823494	no=0.8931831383176432	yes=0.10681686168235682
easy-fact-08	2.51516478	no=0.39411023640962867	yes=0.6058897635903713
easy-fact-09	2.699879353	no=0.7948348521980737	yes=0.2051651478019263
easy-fact-10	2.779347343	no=0.29715013242642463	yes=0.7028498675735753
easy-fact-11	2.800157145	no=0.8167790177899898	yes=0.18322098221001018
easy-extraction-00	2.871577228	credit_card=0.04282351283148689	paypal=0.8942922984682559	bank_transfer=0.025054335775429048	cash=0.037829852924828274
easy-extraction-01	3.352138466	credit_card=0.05502214168483393	paypal=0.011521789469299309	bank_transfer=0.009669636828110197	cash=0.9237864320177566
easy-extraction-02	2.896878428	credit_card=0.0682636944210762	paypal=0.013537845148812067	bank_transfer=0.8550254858713673	cash=0.06317297455874452
easy-extraction-03	2.858297572	low=0.1108061858165002	medium=0.043222639878025576	high=0.46403342760046196	urgent=0.3819377467050122
easy-extraction-04	2.972741564	low=0.9468150083214012	medium=0.011669785196585854	high=0.00997306818974772	urgent=0.031542138292265216
easy-extraction-05	2.787503919	low=0.025192350553119927	medium=0.003357296704722788	high=0.006159244793541402	urgent=0.9652911079486158
easy-extraction-06	2.589558372	S=0.026364348552558176	M=0.9242902676887188	L=0.015492698501989923	XL=0.03385268525673308
easy-extraction-07	2.592797014	S=0.04833930226122024	M=0.019022983389491085	L=0.026982605970053967	XL=0.9056551083792348
easy-extraction-08	3.322222993	monday=0.010416007357547887	tuesday=0.005664729673136165	wednesday=0.010197205741805495	thursday=0.9509213834405211	friday=0.02280067378698947
easy-extraction-09	3.260969415	monday=0.883178030175314	tuesday=0.025357346549795885	wednesday=0.015086172131257385	thursday=0.014936386214719575	friday=0.06144206492891316
easy-extraction-10	2.981352839	monday=0.029629989316046938	tuesday=0.011884625573177623	wednesday=0.01315000951497191	thursday=0.039346504780202726	friday=0.9059888708156008
easy-extraction-11	3.260571945	credit_card=0.9551487636287563	paypal=0.006950678659755088	bank_transfer=0.004302442815277205	cash=0.033598114896211444
easy-tool_selection-00	4.425810354	get_weather=0.9389919892374001	send_email=0.009786013064702014	create_calendar_event=0.0072665342704771405	convert_currency=0.01887303795515243	translate_text=0.025082425472268226
easy-tool_selection-01	4.437514482	get_weather=0.013698914504026445	send_email=0.9651759324850646	create_calendar_event=0.003680718141887286	convert_currency=0.0040687628227409605	translate_text=0.013375672046280773
easy-tool_selection-02	5.000386533	get_weather=0.031020816365439394	send_email=0.013043359324436418	create_calendar_event=0.9036798799381913	convert_currency=0.01180874706887162	translate_text=0.040447197303061316
easy-tool_selection-03	4.425292691	get_weather=0.01884131409955444	send_email=0.0062928647106155165	create_calendar_event=0.0015139760016565603	convert_currency=0.9492388151334503	translate_text=0.02411303005472321
easy-tool_selection-04	4.282894275	get_weather=0.04107471146450226	send_email=0.006145208840807939	create_calendar_event=0.003248361259300109	convert_currency=0.011471014018994329	translate_text=0.9380607044163953
easy-tool_selection-05	4.749830891	get_weather=0.03300505469189221	send_email=0.013311451428081171	create_calendar_event=0.9018347137291941	convert_currency=0.0117144499889817	translate_text=0.040134330161850806
easy-tool_selection-06	4.898478083	search_flights=0.9793619582947297	book_restaurant=0.004239357086433595	set_reminder=0.0017266333549508844	get_stock_price=0.005215771865710034	call_taxi=0.009456279398175577
easy-tool_selection-07	4.831477979	search_flights=0.02638745564697746	book_restaurant=0.9402171056456041	set_reminder=0.008473088635723887	get_stock_price=0.006465088905496792	call_taxi=0.01845726116619782
easy-tool_selection-08	5.03080337	search_flights=0.013094688578302968	book_restaurant=0.004094502208413556	set_reminder=0.9674760970759151	get_stock_price=0.0036158712581084718	call_taxi=0.011718840879259902
easy-tool_selection-09	5.06295586	search_flights=0.012636421108834246	book_restaurant=0.006660064855216106	set_reminder=0.003101821963609905	get_stock_price=0.9657149570157197	call_taxi=0.011886735056620084
easy-tool_selection-10	4.712831704	search_flights=0.03241715183123408	book_restaurant=0.00413799826743691	set_reminder=0.0042151785131627865	get_stock_price=0.010181999506673046	call_taxi=0.9490476718814932
easy-tool_selection-11	4.733870786	search_flights=0.014052903697145328	book_restaurant=0.003462304554337557	set_reminder=0.9670471618950762	get_stock_price=0.0032120306530801024	call_taxi=0.012225599200360704
original-policy-01-0	3.839282306	no=0.8364347676268351	yes=0.16356523237316484
original-policy-01-1	3.640842371	no=0.8319426917760688	yes=0.16805730822393125
original-policy-02-0	3.169701549	no=0.5490011507954524	yes=0.4509988492045476
original-policy-02-1	3.186496256	no=0.7081493680646365	yes=0.2918506319353636
original-policy-03-0	3.632673055	no=0.5173508784438468	yes=0.48264912155615314
original-policy-03-1	3.094383112	no=0.8609628664642412	yes=0.13903713353575875
original-policy-04-0	3.415432687	no=0.5887140027147699	yes=0.41128599728522997
original-policy-04-1	3.482693934	no=0.7667431060943443	yes=0.23325689390565563
original-policy-05-0	3.542461662	no=0.7548217392758809	yes=0.24517826072411913
original-policy-05-1	3.204934382	no=0.8297696554661953	yes=0.17023034453380467
original-policy-06-0	3.964291369	no=0.46354388679794467	yes=0.5364561132020553
original-policy-06-1	3.200345474	no=0.42865133647150755	yes=0.5713486635284925
original-intent-01-0	3.712779869	cancel=0.05931805489801593	refund=0.8746449737748646	status=0.00924718597221337	change_address=0.0098143180553449	other=0.046975467299561285
original-intent-01-1	4.092230655	cancel=0.06684311484958456	refund=0.8519240293351615	status=0.012340200151886534	change_address=0.010657153423540393	other=0.05823550223982707
original-intent-02-0	3.713133159	cancel=0.06243185338431455	refund=0.03798764991970223	status=0.5226608032911453	change_address=0.09742719076141296	other=0.27949250264342496
original-intent-02-1	3.682821482	cancel=0.06035802960022798	refund=0.02280456394315793	status=0.8118151789678905	change_address=0.0213060740446507	other=0.08371615344407277
original-intent-03-0	3.855325167	cancel=0.03523770627313012	refund=0.009051927838817485	status=0.003951774819573657	change_address=0.884609631719016	other=0.06714895934946277
original-intent-03-1	4.055644052	cancel=0.02701414290004621	refund=0.010734937689079613	status=0.005317418700925182	change_address=0.8726371173516974	other=0.0842963833582517
original-intent-04-0	3.841604088	cancel=0.6692857566163042	refund=0.11914242092357018	status=0.019039083571958507	change_address=0.018633790018273838	other=0.17389894886989343
original-intent-04-1	3.729546827	cancel=0.519050041696904	refund=0.15701883038905667	status=0.02487584268670867	change_address=0.03401558805371786	other=0.2650396971736127
original-intent-05-0	3.965387104	cancel=0.06248104909181935	refund=0.8347216692474975	status=0.02043942864687283	change_address=0.014752228499327596	other=0.06760562451448263
original-intent-05-1	3.687104545	cancel=0.054924302295434546	refund=0.8724594920209228	status=0.021530566583956925	change_address=0.010286131270169738	other=0.04079950782951605
original-intent-06-0	3.726907867	cancel=0.11244213963045749	refund=0.04896531531772835	status=0.6598278266609395	change_address=0.023931486775814345	other=0.1548332316150603
original-intent-06-1	3.86077029	cancel=0.07311169021809624	refund=0.01977801349902588	status=0.7763559713606053	change_address=0.019309014892274677	other=0.111445310029998
original-ordinal-01-0	4.475505192	0=0.43776809156459395	1=0.2775493191261089	2=0.09284561861917323	3=0.19183697069012384
original-ordinal-01-1	4.084480327	0=0.6175792114869209	1=0.17467537641117914	2=0.07905946610391949	3=0.1286859459979805
original-ordinal-02-0	4.217490377	0=0.12161840910584236	1=0.7174520259853177	2=0.04174828681517451	3=0.11918127809366547
original-ordinal-02-1	4.492405891	0=0.16243584219089202	1=0.6842131274393464	2=0.03256907361264405	3=0.12078195675711761
original-ordinal-03-0	4.083505138	0=0.1589326623794133	1=0.12893118247205868	2=0.571516141719524	3=0.140620013429004
original-ordinal-03-1	4.163736127	0=0.19265314202638134	1=0.2609305281437477	2=0.3313601225809917	3=0.2150562072488793
original-ordinal-04-0	4.56518869	0=0.13385177758121708	1=0.07810026539168427	2=0.04627819866855851	3=0.7417697583585402
original-ordinal-04-1	4.10446549	0=0.1811773122801539	1=0.11195948076941162	2=0.05746413570380074	3=0.6493990712466338
original-ordinal-05-0	4.326804969	0=0.5773034620048174	1=0.1041358753294094	2=0.10724579018497965	3=0.21131487248079356
original-ordinal-05-1	4.440837509	0=0.4408847603370225	1=0.20419995410042607	2=0.14945742670739906	3=0.20545785885515233
original-ordinal-06-0	4.278574453	0=0.20191417317289723	1=0.2761569363599933	2=0.36334999958835834	3=0.15857889087875127
original-ordinal-06-1	4.579606356	0=0.12146993774777348	1=0.14869247792244034	2=0.6045676569526468	3=0.12526992737713935
original-extraction-01-0	3.247886898	courier=0.3116647727772951	pickup=0.5537783130487541	post=0.045535573311947304	unknown=0.08902134086200345
original-extraction-01-1	3.49938454	courier=0.1274367340863367	pickup=0.6768388622899364	post=0.08430017871226822	unknown=0.11142422491145874
original-extraction-02-0	3.2231343	courier=0.06971743140364645	pickup=0.1121398893824401	post=0.479558096100823	unknown=0.3385845831130904
original-extraction-02-1	3.239705932	courier=0.11560903597448466	pickup=0.06780515014818796	post=0.31041774107144676	unknown=0.5061680728058806
original-extraction-03-0	3.553791768	courier=0.5931952740500259	pickup=0.20776933004094872	post=0.04222742741520316	unknown=0.15680796849382217
original-extraction-03-1	3.34556207	courier=0.7062637572017572	pickup=0.15809403259194355	post=0.04175105717955974	unknown=0.09389115302673963
original-extraction-04-0	3.224372708	courier=0.048337054310646624	pickup=0.07379322647227277	post=0.8289334801600637	unknown=0.048936239057016793
original-extraction-04-1	3.200203712	courier=0.04012804570391623	pickup=0.03163485722116246	post=0.8907894793168775	unknown=0.03744761775804392
original-extraction-05-0	3.613565798	courier=0.14065270345550343	pickup=0.09835431096771219	post=0.08541689465763684	unknown=0.6755760909191475
original-extraction-05-1	3.032198925	courier=0.24909842082270725	pickup=0.10597236629840003	post=0.11868673947276302	unknown=0.5262424734061297
original-extraction-06-0	3.376836689	courier=0.7527166793481717	pickup=0.034320769800759834	post=0.10041932706555504	unknown=0.11254322378551354
original-extraction-06-1	3.493636156	courier=0.7063606594610665	pickup=0.035402967154347556	post=0.0911175867520623	unknown=0.16711878663252358
original-adequacy-01-0	2.797102251	no=0.32087864844438546	yes=0.6791213515556145
original-adequacy-01-1	2.667646446	no=0.5148509641360075	yes=0.4851490358639924
original-adequacy-02-0	2.834547292	no=0.7882940911305335	yes=0.21170590886946655
original-adequacy-02-1	2.982846615	no=0.9605163715326903	yes=0.03948362846730977
original-adequacy-03-0	2.861332697	no=0.5075386353755365	yes=0.49246136462446366
original-adequacy-03-1	3.034768718	no=0.5332166141153619	yes=0.46678338588463814
original-adequacy-04-0	3.173222731	no=0.4723454874765509	yes=0.5276545125234491
original-adequacy-04-1	3.884501268	no=0.6359818832866674	yes=0.3640181167133327
original-adequacy-05-0	2.571443994	no=0.547443937221264	yes=0.45255606277873595
original-adequacy-05-1	3.04161401	no=0.4625501221612064	yes=0.5374498778387936
original-adequacy-06-0	3.116265229	no=0.351770663759409	yes=0.6482293362405911
original-adequacy-06-1	3.172957846	no=0.6148219046352084	yes=0.38517809536479164
original-routing-01-0	5.255456054	math=0.7540145568500611	coding=0.050480707777318744	coding_agent=0.02893384630402822	document=0.008051210324623071	tools=0.02228264588532	general=0.13623703285864872
original-routing-01-1	4.727758334	math=0.6955035907363618	coding=0.06540270246856027	coding_agent=0.05154322076378153	document=0.014748248630252103	tools=0.025742368825118968	general=0.14705986857592523
original-routing-02-0	5.025153375	math=0.0793902751276344	coding=0.5668168536484333	coding_agent=0.2068569802554583	document=0.017876073968407118	tools=0.022309093309638275	general=0.10675072369042866
original-routing-02-1	4.742279429	math=0.06927171478800676	coding=0.7436271149270626	coding_agent=0.0478400973764614	document=0.01174817942104563	tools=0.011980375700697137	general=0.11553251778672655
original-routing-03-0	5.315469111	math=0.08087826616630636	coding=0.028105224204242912	coding_agent=0.8298587375611944	document=0.008303951641128609	tools=0.005737230504637743	general=0.04711658992248993
original-routing-03-1	5.372160278	math=0.10889411128955098	coding=0.013167060765213198	coding_agent=0.8244484402511683	document=0.00461264782967972	tools=0.0031800199396641547	general=0.04569771992472363
original-routing-04-0	4.714318858	math=0.02252925164644757	coding=0.006683847663094136	coding_agent=0.05058505425436867	document=0.8773118719439545	tools=0.014603910099750402	general=0.028286064392384735
original-routing-04-1	4.837206402	math=0.036631220878956934	coding=0.011060377730673705	coding_agent=0.024635027790347156	document=0.8497744123785593	tools=0.013764257578999975	general=0.06413470364246292
original-routing-05-0	4.943981022	math=0.1028085488411427	coding=0.02974697590038647	coding_agent=0.04821882678024089	document=0.016009722260144993	tools=0.7496822609093055	general=0.053533665308779475
original-routing-05-1	4.838772215	math=0.07104737504335185	coding=0.027583518977599877	coding_agent=0.06946681728911572	document=0.019623218619534866	tools=0.5750347167155019	general=0.23724435335489585
original-routing-06-0	4.78689527	math=0.12729768044430925	coding=0.2090568261707732	coding_agent=0.2284970733199365	document=0.06458269687510645	tools=0.04692677284054089	general=0.32363895034933376
original-routing-06-1	5.237675484	math=0.12908280772160705	coding=0.165687680784641	coding_agent=0.305609125264998	document=0.038581060018667165	tools=0.05493657579760085	general=0.3061027504124859
