easy-intent-00	4.94332797	track_order=0.9588352801030449	cancel_order=0.009701108346344297	change_address=0.016339699156827737	report_damage=0.0017454577272086602	billing_question=0.013378454666574181
easy-intent-01	4.768218223	track_order=0.05843920230119785	cancel_order=0.9033791124430063	change_address=0.030521802593137533	report_damage=0.001928450431716529	billing_question=0.0057314322309416285
easy-intent-02	4.845127094	track_order=0.112572538278194	cancel_order=0.008763726291807869	change_address=0.8526112382500031	report_damage=0.005857396582586764	billing_question=0.02019510059740828
easy-intent-03	4.850275373	track_order=0.004807878306013394	cancel_order=7.226912545758719E-4	change_address=0.0030167669482721476	report_damage=0.9896325887628096	billing_question=0.001820074728329051
easy-intent-04	5.017100848	track_order=0.030001534005136665	cancel_order=8.646272998615894E-4	change_address=0.00739249262448117	report_damage=0.0038135759394283997	billing_question=0.9579277701310922
easy-intent-05	4.738238197	track_order=0.8894648515667701	cancel_order=0.02536736305462961	change_address=0.04637881020335292	report_damage=0.004308112636459432	billing_question=0.034480862538787925
easy-intent-06	4.453305574	set_alarm=0.9495581901038459	play_music=0.00737228777731393	weather=0.022005807905028957	send_message=0.002795257595858185	turn_off_lights=0.018268456617953135
easy-intent-07	4.261138944	set_alarm=0.003851076141404901	play_music=0.9896208552585641	weather=0.003670299020887373	send_message=5.244317899384829E-4	turn_off_lights=0.0023333377892051695
easy-intent-08	4.370817031	set_alarm=0.019284646963859956	play_music=0.0012812788855305229	weather=0.9694997504130356	send_message=0.0021278729073854084	turn_off_lights=0.0078064508301884696
easy-intent-09	4.597008342	set_alarm=0.014636426765735408	play_music=0.0011085510593098653	weather=0.015205011722160856	send_message=0.9668056108114533	turn_off_lights=0.0022443996413404332
easy-intent-10	4.414754351	set_alarm=0.012785623999754385	play_music=9.43034668152124E-4	weather=0.019589568618867986	send_message=0.002858959207671366	turn_off_lights=0.9638228135055542
easy-intent-11	4.447783828	set_alarm=0.9504564436995717	play_music=0.005246116185805195	weather=0.018843766725867878	send_message=0.0013799475423731007	turn_off_lights=0.02407372584638199
easy-fact-00	3.512474853	no=0.08074665258006421	yes=0.9192533474199358
easy-fact-01	3.383305571	no=0.808929229810728	yes=0.19107077018927196
easy-fact-02	3.577717302	no=0.08392058787095126	yes=0.9160794121290488
easy-fact-03	3.664134564	no=0.6290369684144668	yes=0.37096303158553334
easy-fact-04	3.637726035	no=0.07613274508337167	yes=0.9238672549166282
easy-fact-05	3.672860763	no=0.6685667360912099	yes=0.3314332639087901
easy-fact-06	3.939432035	no=0.05317546920839285	yes=0.9468245307916072
easy-fact-07	3.320409746	no=0.3915486125127606	yes=0.6084513874872394
easy-fact-08	3.22528277	no=0.0730189592941322	yes=0.9269810407058678
easy-fact-09	3.228731576	no=0.5867258985653387	yes=0.4132741014346612
easy-fact-10	3.452050067	no=0.07813667274306149	yes=0.9218633272569384
easy-fact-11	3.5484083	no=0.7465820301165733	yes=0.2534179698834267
easy-extraction-00	3.675826004	credit_card=0.0066168647864689656	paypal=0.9762394809300028	bank_transfer=0.014426603746335101	cash=0.002717050537193203
easy-extraction-01	3.863796036	credit_card=0.012719180883082454	paypal=0.002395330371489387	bank_transfer=0.08873836637033246	cash=0.8961471223750958
easy-extraction-02	4.026160234	credit_card=0.01928045977410526	paypal=0.00429301090989321	bank_transfer=0.9726895438463299	cash=0.00373698546967167
easy-extraction-03	3.692984819	low=0.022132271088408376	medium=0.0027465796155313046	high=0.9715014543151675	urgent=0.0036196949808927317
easy-extraction-04	3.662219831	low=0.8807371109481014	medium=0.014399943105519047	high=0.09132457152167221	urgent=0.013538374424707442
easy-extraction-05	3.69767606	low=0.019826996543645125	medium=0.0020759172057629983	high=0.1429292893767757	urgent=0.8351677968738161
easy-extraction-06	3.513217288	S=0.006899796646410498	M=0.9801455905081912	L=0.01194541737050821	XL=0.0010091954748902264
easy-extraction-07	3.540344577	S=0.0644291148381338	M=0.015489346933122206	L=0.20465905807702162	XL=0.7154224801517223
easy-extraction-08	3.983312862	monday=0.038184197961887614	tuesday=0.0023606259449220316	wednesday=0.04377355587419991	thursday=0.91245022939779	friday=0.003231390821200512
easy-extraction-09	3.781347411	monday=0.9512285362374505	tuesday=0.009511658832755147	wednesday=0.02004366208782736	thursday=0.0013812884986221213	friday=0.017834854343344933
easy-extraction-10	3.709158997	monday=0.010682339704101255	tuesday=0.0019065125639035807	wednesday=0.022023672199270584	thursday=0.002868153940536103	friday=0.9625193215921886
easy-extraction-11	3.764028526	credit_card=0.9605580454198264	paypal=0.005174424156332832	bank_transfer=0.030289026271072696	cash=0.003978504152767982
easy-tool_selection-00	4.377049298	get_weather=0.9035928866555016	send_email=0.019073463975226454	create_calendar_event=0.04940844114321536	convert_currency=0.002548712757584734	translate_text=0.025376495468471913
easy-tool_selection-01	4.425157217	get_weather=0.007516810356869967	send_email=0.981680217839323	create_calendar_event=0.007623381468762353	convert_currency=5.739377385852127E-4	translate_text=0.0026056525964592877
easy-tool_selection-02	4.483205037	get_weather=0.021887362443911398	send_email=0.0036096501888993695	create_calendar_event=0.9652696406473336	convert_currency=0.002407236783999363	translate_text=0.006826109935856486
easy-tool_selection-03	4.516673353	get_weather=0.027683320754593753	send_email=0.003562408953864963	create_calendar_event=0.04644115428361741	convert_currency=0.9145634621588793	translate_text=0.007749653849044741
easy-tool_selection-04	4.626923529	get_weather=0.016897026695231875	send_email=8.69241633110755E-4	create_calendar_event=0.00902097354605513	convert_currency=0.001610052174731203	translate_text=0.9716027059508712
easy-tool_selection-05	4.763695613	get_weather=0.017977996628280556	send_email=0.001738220790357678	create_calendar_event=0.977246389939715	convert_currency=0.0014415964638367657	translate_text=0.0015957961778099753
easy-tool_selection-06	4.653394843	search_flights=0.9634459824173528	book_restaurant=0.007204503345180263	set_reminder=0.01712299463419828	get_stock_price=0.0017327965771820322	call_taxi=0.010493723026086666
easy-tool_selection-07	4.412504106	search_flights=0.014604991770169592	book_restaurant=0.9671067213386384	set_reminder=0.012173589357199935	get_stock_price=9.069634544968889E-4	call_taxi=0.005207734079495462
easy-tool_selection-08	4.445570868	search_flights=0.036425095388750744	book_restaurant=0.0021307006404929015	set_reminder=0.9505652707599804	get_stock_price=0.0029593163778472062	call_taxi=0.007919616832928734
easy-tool_selection-09	4.376003187	search_flights=0.007285560007761859	book_restaurant=0.0010851782930501217	set_reminder=0.019740508552248782	get_stock_price=0.9702826523968656	call_taxi=0.001606100750073546
easy-tool_selection-10	4.396180102	search_flights=0.017325097738525475	book_restaurant=7.55329651625596E-4	set_reminder=0.035664722346188144	get_stock_price=0.0013499794681472521	call_taxi=0.9449048707955136
easy-tool_selection-11	4.527435818	search_flights=0.030480374369185506	book_restaurant=0.0016352828619772778	set_reminder=0.9611879921111197	get_stock_price=0.0025144918360390845	call_taxi=0.004181858821678315
original-policy-01-0	4.141036815	no=0.9509664676167452	yes=0.04903353238325473
original-policy-01-1	4.039404965	no=0.9225206609873137	yes=0.07747933901268624
original-policy-02-0	3.678296522	no=0.45451377273951105	yes=0.5454862272604889
original-policy-02-1	3.64094009	no=0.6783756432030852	yes=0.32162435679691476
original-policy-03-0	3.703485791	no=0.24607021616555913	yes=0.753929783834441
original-policy-03-1	3.729962352	no=0.7989626817457098	yes=0.20103731825429022
original-policy-04-0	3.947053756	no=0.5305856770616935	yes=0.46941432293830665
original-policy-04-1	3.957961088	no=0.8134521043339811	yes=0.1865478956660189
original-policy-05-0	4.335429347	no=0.6643021595998565	yes=0.3356978404001435
original-policy-05-1	4.258454878	no=0.8553695067111592	yes=0.14463049328884078
original-policy-06-0	4.151551376	no=0.2669786861566185	yes=0.7330213138433815
original-policy-06-1	3.83859564	no=0.3205686675022246	yes=0.6794313324977753
original-intent-01-0	4.437187785	cancel=0.02460380742623544	refund=0.6879338449918645	status=0.042865669619101675	change_address=0.008887187961288125	other=0.23570949000151017
original-intent-01-1	4.258521888	cancel=0.08444116402565703	refund=0.1808323982012141	status=0.16348316681751285	change_address=0.029110427279127063	other=0.542132843676489
original-intent-02-0	4.329358464	cancel=0.01653900380486159	refund=0.0013714081181769745	status=0.40099850330848213	change_address=0.04755337770360012	other=0.5335377070648792
original-intent-02-1	4.51609793	cancel=0.014793618175920654	refund=0.001042399245642534	status=0.8971423087741315	change_address=0.0020395332997304	other=0.08498214050457491
original-intent-03-0	4.468545855	cancel=0.009631161082055813	refund=0.0016423915819824733	status=0.09027423289212298	change_address=0.8311159925751003	other=0.06733622186873857
original-intent-03-1	4.235635867	cancel=0.01669364566043779	refund=0.0015382478244969752	status=0.05956990701824553	change_address=0.743212419533314	other=0.17898577996350581
original-intent-04-0	4.372757847	cancel=0.5285517860601417	refund=0.01498225354714653	status=0.056926044172740796	change_address=0.0014756707202440982	other=0.3980642454997268
original-intent-04-1	4.226726995	cancel=0.46579973145311215	refund=0.011786424196871127	status=0.05647220074458359	change_address=0.0010968959665832387	other=0.4648447476388498
original-intent-05-0	4.227807466	cancel=0.017281534422067046	refund=0.005617645724425855	status=0.02184228167407213	change_address=0.001950349178464379	other=0.9533081890009705
original-intent-05-1	4.206309108	cancel=0.02019156604134132	refund=0.0034986569841177592	status=0.013295732384076662	change_address=0.0010204204957692939	other=0.9619936240946949
original-intent-06-0	4.23858247	cancel=0.03556885240689334	refund=0.0040602641784516945	status=0.7182094988367137	change_address=0.002056619624066213	other=0.24010476495387495
original-intent-06-1	4.531697766	cancel=0.0280473961192575	refund=0.0036612127919281876	status=0.7601330911326692	change_address=0.003329175151927622	other=0.20482912480421733
original-ordinal-01-0	4.507201075	0=0.9021938507608485	1=0.034195165576957016	2=0.060168886468333134	3=0.0034420971938614146
original-ordinal-01-1	4.616590649	0=0.8656839598627813	1=0.07199321555887658	2=0.05890766759952684	3=0.0034151569788151764
original-ordinal-02-0	4.52651826	0=0.17229811741690265	1=0.7673151737635416	2=0.05860515982809078	3=0.001781548991465025
original-ordinal-02-1	4.582010063	0=0.14284153441286077	1=0.8085704539281173	2=0.04592997983806542	3=0.0026580318209564655
original-ordinal-03-0	4.515683698	0=0.09213626404338413	1=0.008295822979712483	2=0.8972122686325772	3=0.0023556443443260517
original-ordinal-03-1	4.504199319	0=0.15089982338384497	1=0.020471560305307397	2=0.8249099136994092	3=0.0037187026114384046
original-ordinal-04-0	4.658566485	0=0.031019601345884048	1=0.017641547618528836	2=0.0263083498372543	3=0.9250305011983327
original-ordinal-04-1	4.775686712	0=0.012315923062480052	1=0.004388354950094232	2=0.015836762612567893	3=0.9674589593748578
original-ordinal-05-0	4.613881051	0=0.4834551242512994	1=0.1723266625254165	2=0.2157679296417399	3=0.12845028358154417
original-ordinal-05-1	4.524370427	0=0.6559252186871504	1=0.14034801660660048	2=0.15547766825654954	3=0.04824909644969968
original-ordinal-06-0	4.552418257	0=0.09461725587434718	1=0.008128682023492364	2=0.8943128773003733	3=0.002941184801787082
original-ordinal-06-1	4.633243054	0=0.052011081452753884	1=0.008123566281323871	2=0.9363133477425891	3=0.0035520045233331647
original-extraction-01-0	3.836211702	courier=0.3834447352867949	pickup=0.579182533540427	post=0.03161344188065607	unknown=0.005759289292121839
original-extraction-01-1	3.909238725	courier=0.09610423376525687	pickup=0.832144847707452	post=0.06194242428175607	unknown=0.00980849424553494
original-extraction-02-0	4.029363983	courier=0.015810239848250782	pickup=0.004907883345335248	post=0.15365875752964886	unknown=0.8256231192767651
original-extraction-02-1	4.172285478	courier=0.008458179778080851	pickup=0.0017532550650203617	post=0.10752908066606319	unknown=0.8822594844908356
original-extraction-03-0	4.283787042	courier=0.8778700933728507	pickup=0.0880196797809163	post=0.013315154910257863	unknown=0.020795071935974973
original-extraction-03-1	3.986636409	courier=0.9592535935512305	pickup=0.0110886469429909	post=0.017061578026793218	unknown=0.012596181478985453
original-extraction-04-0	3.922390767	courier=0.02875633518489976	pickup=0.018781776526612233	post=0.9442107704216107	unknown=0.008251117866877255
original-extraction-04-1	3.859255221	courier=0.02008117821543296	pickup=0.00117591868353495	post=0.9765165010872143	unknown=0.002226402013817868
original-extraction-05-0	3.922069555	courier=0.017131790413397508	pickup=0.002933370099893933	post=0.014004405951157074	unknown=0.9659304335355514
original-extraction-05-1	3.958892626	courier=0.017460419064812376	pickup=0.0033127432805676498	post=0.012569589374323127	unknown=0.966657248280297
original-extraction-06-0	4.168153286	courier=0.9182507118357192	pickup=0.004137628903785175	post=0.07157166790228815	unknown=0.006039991358207737
original-extraction-06-1	4.036864041	courier=0.6556268377082116	pickup=0.0039127839297479665	post=0.3160068533834505	unknown=0.024453524978590102
original-adequacy-01-0	3.608036723	no=0.18841933547310621	yes=0.8115806645268939
original-adequacy-01-1	3.509034651	no=0.3029784435147806	yes=0.6970215564852194
original-adequacy-02-0	3.519570815	no=0.56787997778435	yes=0.4321200222156501
original-adequacy-02-1	3.5641513	no=0.568526704973636	yes=0.4314732950263641
original-adequacy-03-0	3.59891403	no=0.2804858647979805	yes=0.7195141352020195
original-adequacy-03-1	3.706441928	no=0.39880514350335033	yes=0.6011948564966496
original-adequacy-04-0	3.869250233	no=0.33356723604930216	yes=0.6664327639506978
original-adequacy-04-1	3.879454389	no=0.3145479307486647	yes=0.6854520692513354
original-adequacy-05-0	3.626337301	no=0.4280876960924602	yes=0.5719123039075397
original-adequacy-05-1	3.438339237	no=0.35277511670584516	yes=0.6472248832941548
original-adequacy-06-0	3.80980128	no=0.10429686450355413	yes=0.895703135496446
original-adequacy-06-1	3.890605117	no=0.15355983295391756	yes=0.8464401670460824
original-routing-01-0	5.256973291	math=0.174029326177504	coding=0.030359053929921883	coding_agent=0.07931934296194225	document=0.0025577310641034913	tools=0.015004003608513315	general=0.698730542258015
original-routing-01-1	5.233145324	math=0.2526746969306791	coding=0.08487273220686785	coding_agent=0.11352548481260061	document=0.007486689174066596	tools=0.035724354698198436	general=0.5057160421775875
original-routing-02-0	5.476025858	math=0.03657023733208909	coding=0.4790150850928309	coding_agent=0.43358605553971824	document=0.002203197036147443	tools=0.005764259514150653	general=0.04286116548506354
original-routing-02-1	5.041372515	math=0.03500231606326995	coding=0.544148411659947	coding_agent=0.4026143664837832	document=0.0016371940817378916	tools=0.004726250064627595	general=0.011871461646634331
original-routing-03-0	5.147135174	math=0.01579082165933492	coding=0.003897518248511014	coding_agent=0.9751981920719149	document=9.21487337727473E-4	tools=0.002243798535050737	general=0.0019481821474608356
original-routing-03-1	5.168799403	math=0.016166469757034823	coding=0.002777084891464332	coding_agent=0.9775498013961154	document=7.988353536884191E-4	tools=0.0012584462736929358	general=0.0014493623280041337
original-routing-04-0	4.981258224	math=0.04534066832245488	coding=0.018863779047650815	coding_agent=0.23064000072528418	document=0.6380344715043362	tools=0.017906972806860835	general=0.04921410759341295
original-routing-04-1	4.846087903	math=0.04068089584257486	coding=0.03162112768457138	coding_agent=0.2617046080029702	document=0.5408798557067753	tools=0.015821778376224477	general=0.10929173438688373
original-routing-05-0	4.938642648	math=0.015137635260060478	coding=0.003918090344669747	coding_agent=0.0248098025349285	document=6.369068648140942E-4	tools=0.9307909906891332	general=0.02470657430639401
original-routing-05-1	4.98188187	math=0.010811575201497786	coding=0.005544782762110783	coding_agent=0.029794435206284633	document=8.085137475925719E-4	tools=0.821444630782821	general=0.1315960622996932
original-routing-06-0	5.132529702	math=0.03134208865879323	coding=0.051897893921777474	coding_agent=0.13859091220242556	document=0.011845702790725594	tools=0.06075468996818866	general=0.7055687124580895
original-routing-06-1	5.077163007	math=0.007147931489474337	coding=0.013874835404983394	coding_agent=0.05060791262452433	document=0.002405939727656769	tools=0.03744276922677379	general=0.8885206115265873
