easy-intent-00	4.002478288	track_order=0.9927643108387462	cancel_order=0.0010466861908685029	change_address=0.0040993453906665155	report_damage=1.7093136450841654E-4	billing_question=0.0019187262152105984
easy-intent-01	3.968887347	track_order=0.09014381384771535	cancel_order=0.8936698220128868	change_address=0.013720922952177412	report_damage=2.1253893078109092E-4	billing_question=0.002252902256439346
easy-intent-02	3.799967029	track_order=0.05622429415637353	cancel_order=0.0017142657745437492	change_address=0.937079651813332	report_damage=0.0011096234118502133	billing_question=0.003872164843900638
easy-intent-03	3.599565096	track_order=0.08895218137275024	cancel_order=8.847290159339522E-4	change_address=0.005474425761684568	report_damage=0.9038128768917291	billing_question=8.757869579021939E-4
easy-intent-04	3.699389413	track_order=0.02638305790160739	cancel_order=0.0062646910906820836	change_address=0.00882355807251051	report_damage=0.0014919120615565357	billing_question=0.9570367808736434
easy-intent-05	3.853268415	track_order=0.992151418018228	cancel_order=9.392662358646166E-4	change_address=0.0047653906958450955	report_damage=1.8491421650412046E-4	billing_question=0.0019590108335580583
easy-intent-06	3.502424098	set_alarm=0.9692938483457166	play_music=0.0025012722931977167	weather=0.012861928547879091	send_message=9.362683503660927E-4	turn_off_lights=0.014406682462840338
easy-intent-07	3.342735306	set_alarm=0.14510189538442123	play_music=0.836674514906465	weather=0.0063515190476300274	send_message=2.601496250213463E-4	turn_off_lights=0.011611921036462398
easy-intent-08	3.395121146	set_alarm=0.09617540027283356	play_music=0.003941837314879465	weather=0.8916466274862733	send_message=7.143516379156373E-4	turn_off_lights=0.007521783288098255
easy-intent-09	3.446757001	set_alarm=0.1633046981499352	play_music=0.0021565842384087316	weather=0.007348147079648139	send_message=0.8189699470185327	turn_off_lights=0.008220623513475217
easy-intent-10	3.421384988	set_alarm=0.05081205819454066	play_music=8.931871191202221E-4	weather=0.002525292751514128	send_message=4.0653480955231956E-4	turn_off_lights=0.9453629271252727
easy-intent-11	3.397253708	set_alarm=0.952088104644112	play_music=0.0053887863377574605	weather=0.012224457890901225	send_message=6.856393497092436E-4	turn_off_lights=0.029613011777520147
easy-fact-00	2.809168674	no=0.19678037595553005	yes=0.80321962404447
easy-fact-01	2.682246824	no=0.8411695478692567	yes=0.15883045213074326
easy-fact-02	2.909361622	no=0.20498333106001013	yes=0.7950166689399899
easy-fact-03	2.884983673	no=0.6186427466095679	yes=0.38135725339043214
easy-fact-04	2.678715864	no=0.31690331026459073	yes=0.6830966897354093
easy-fact-05	2.716115541	no=0.5846876141558925	yes=0.4153123858441074
easy-fact-06	3.130741654	no=0.4670165058235304	yes=0.5329834941764697
easy-fact-07	2.846479958	no=0.6268503420313679	yes=0.37314965796863214
easy-fact-08	2.558571949	no=0.3679872842820596	yes=0.6320127157179404
easy-fact-09	2.575342051	no=0.7899903500632451	yes=0.21000964993675494
easy-fact-10	2.716335001	no=0.3077215543623007	yes=0.6922784456376992
easy-fact-11	2.715688049	no=0.5223344850039284	yes=0.47766551499607157
easy-extraction-00	2.684459455	credit_card=0.08932587245025922	paypal=0.8871974290387261	bank_transfer=0.020267693299777807	cash=0.0032090052112369698
easy-extraction-01	2.737348791	credit_card=0.18459109751664687	paypal=0.005330969260279418	bank_transfer=0.06293868517541353	cash=0.7471392480476601
easy-extraction-02	2.771484969	credit_card=0.16731495429748872	paypal=0.008742330711123883	bank_transfer=0.8223538490782273	cash=0.0015888659131601127
easy-extraction-03	2.751304585	low=0.08874805178498327	medium=0.0022715339013657625	high=0.9080955900022915	urgent=8.848243113595608E-4
easy-extraction-04	2.715564702	low=0.9702596710002386	medium=0.005304317908569193	high=0.022254518034232264	urgent=0.002181493056959845
easy-extraction-05	2.698866303	low=0.07235347030515017	medium=0.0019199361114141692	high=0.024649847169868337	urgent=0.9010767464135673
easy-extraction-06	2.574286225	S=0.08521440218364877	M=0.8754711603113388	L=0.03456418831264577	XL=0.004750249192366697
easy-extraction-07	2.535501859	S=0.12395406539849847	M=0.004072052620400377	L=0.061858255017814744	XL=0.8101156269632865
easy-extraction-08	2.81677234	monday=0.06978518609878072	tuesday=0.0018165592673698816	wednesday=0.015547245381198406	thursday=0.9093119530119315	friday=0.0035390562407196535
easy-extraction-09	2.855956665	monday=0.9062681143618919	tuesday=0.017424997743785052	wednesday=0.033892436971587364	thursday=0.0030876237780752946	friday=0.03932682714466011
easy-extraction-10	2.814774064	monday=0.04295561802658369	tuesday=0.001155990860742637	wednesday=0.004286360403605322	thursday=0.0010556922148546345	friday=0.9505463384942137
easy-extraction-11	2.82083168	credit_card=0.95026304180362	paypal=0.0065245064927797235	bank_transfer=0.02343990037146795	cash=0.019772551332132265
easy-tool_selection-00	3.515388396	get_weather=0.9840249949091757	send_email=0.0036174164034871578	create_calendar_event=0.006602853216261342	convert_currency=2.3421360714361646E-4	translate_text=0.005520521863932151
easy-tool_selection-01	3.511769237	get_weather=0.10555061288738599	send_email=0.8879293644273305	create_calendar_event=0.0015224253700455797	convert_currency=1.2282930338996444E-4	translate_text=0.0048747680118479755
easy-tool_selection-02	3.627279218	get_weather=0.1779831291267595	send_email=0.0049854324803727795	create_calendar_event=0.8061553435542926	convert_currency=6.344107938022384E-4	translate_text=0.01024168404477274
easy-tool_selection-03	3.564282038	get_weather=0.23217712227183615	send_email=0.002875218902810949	create_calendar_event=0.018264896050609748	convert_currency=0.7424822855668283	translate_text=0.004200477207914866
easy-tool_selection-04	3.468652381	get_weather=0.17165873566422413	send_email=0.0012667621352611526	create_calendar_event=0.001782539109807077	convert_currency=2.0165314104523302E-4	translate_text=0.8250903099496624
easy-tool_selection-05	3.599287966	get_weather=0.13857837872595527	send_email=0.0027438937039065293	create_calendar_event=0.8533191281460457	convert_currency=4.281558487896618E-4	translate_text=0.004930443575302841
easy-tool_selection-06	3.752032816	search_flights=0.9790207277471042	book_restaurant=0.008140435855532325	set_reminder=0.007501066196859876	get_stock_price=4.834397562490321E-4	call_taxi=0.004854330444254638
easy-tool_selection-07	3.765462466	search_flights=0.09848119110023383	book_restaurant=0.8592111630538579	set_reminder=0.011442177357010594	get_stock_price=4.499158478613223E-4	call_taxi=0.030415552641036316
easy-tool_selection-08	3.765808515	search_flights=0.11108849035749274	book_restaurant=0.001906327736909289	set_reminder=0.8777625568104371	get_stock_price=5.710426694219921E-4	call_taxi=0.008671582425738933
easy-tool_selection-09	3.7058154	search_flights=0.2240697841875605	book_restaurant=0.009894571412355013	set_reminder=0.027075017521555212	get_stock_price=0.7162783312624296	call_taxi=0.022682295616099704
easy-tool_selection-10	3.699545677	search_flights=0.05948409895863157	book_restaurant=0.0017282627165749937	set_reminder=0.0033596930879299697	get_stock_price=5.335889223404197E-4	call_taxi=0.934894356314523
easy-tool_selection-11	3.733198808	search_flights=0.20565089336557843	book_restaurant=0.004233426948004793	set_reminder=0.7854797143977177	get_stock_price=6.71687527250144E-4	call_taxi=0.003964277761448841
original-policy-01-0	3.122761337	no=0.8672004795609379	yes=0.1327995204390621
original-policy-01-1	3.172471491	no=0.8041714341770482	yes=0.1958285658229518
original-policy-02-0	2.904939892	no=0.3908040982164529	yes=0.6091959017835471
original-policy-02-1	2.887302445	no=0.5764157748377009	yes=0.4235842251622991
original-policy-03-0	2.952764437	no=0.3755226149756028	yes=0.6244773850243972
original-policy-03-1	2.923627187	no=0.7761908342139007	yes=0.2238091657860994
original-policy-04-0	3.07308491	no=0.6084277582516533	yes=0.39157224174834665
original-policy-04-1	3.005237768	no=0.8406790276519643	yes=0.1593209723480357
original-policy-05-0	3.152403129	no=0.6475366350276746	yes=0.3524633649723254
original-policy-05-1	2.978215623	no=0.7982119706200831	yes=0.2017880293799168
original-policy-06-0	3.193759363	no=0.14492995146689108	yes=0.8550700485331089
original-policy-06-1	2.985328947	no=0.4363114702086558	yes=0.5636885297913443
original-intent-01-0	3.218600261	cancel=0.04093059191852927	refund=0.9341176553770089	status=0.0036595818980669635	change_address=2.8861035321879765E-4	other=0.0210035604531761
original-intent-01-1	3.224220951	cancel=0.03352272045911622	refund=0.7920855895869661	status=0.00928177061075398	change_address=6.30838989890187E-4	other=0.16447908035327377
original-intent-02-0	3.222993325	cancel=0.1600289792859532	refund=0.0034119397118256073	status=0.415045588762166	change_address=0.0013174864383987371	other=0.42019600580165645
original-intent-02-1	3.200845979	cancel=0.09603062494075902	refund=0.0018010979924492168	status=0.8363284968626875	change_address=0.0010526652135063254	other=0.06478711499059789
original-intent-03-0	3.249847042	cancel=0.10077684503673033	refund=0.0022560899833066078	status=0.0014444828604834254	change_address=0.8590263077105771	other=0.03649627440890259
original-intent-03-1	3.210447149	cancel=0.09926585578136188	refund=0.003454708091631195	status=0.00416183559893439	change_address=0.812854755437724	other=0.08026284509034852
original-intent-04-0	3.302006483	cancel=0.6060363528789373	refund=0.018845983043120892	status=0.005827505099281447	change_address=4.2667782190265166E-4	other=0.3688634811567576
original-intent-04-1	3.208916159	cancel=0.2803658413103615	refund=0.006649483342865608	status=0.010701577617438597	change_address=4.8323015980450694E-4	other=0.7017998675695297
original-intent-05-0	3.209082567	cancel=0.0694497223974263	refund=0.5588945070320676	status=0.017390734820794555	change_address=5.071048616617852E-4	other=0.35375793088804985
original-intent-05-1	3.186687076	cancel=0.17564279818447237	refund=0.5217118782513458	status=0.01788321582348508	change_address=4.867136541687901E-4	other=0.2842753940865278
original-intent-06-0	3.159871098	cancel=0.1791830900218934	refund=0.0039074602750556395	status=0.7910906456084388	change_address=6.084420568533824E-4	other=0.025210362037758633
original-intent-06-1	3.27355376	cancel=0.08807453334644987	refund=0.003082149358300673	status=0.8675840697905488	change_address=9.466307944242815E-4	other=0.04031261671027638
original-ordinal-01-0	3.40889683	0=0.9158203112618364	1=0.009644388754349288	2=0.05342953940586387	3=0.021105760577950532
original-ordinal-01-1	3.420374449	0=0.944132409314647	1=0.004885297780749218	2=0.03327719361391684	3=0.017705099290686848
original-ordinal-02-0	3.523138249	0=0.6028477952798914	1=0.3682408475480955	2=0.026493953109691205	3=0.0024174040623219494
original-ordinal-02-1	3.496707326	0=0.47018125490837764	1=0.4996097375408691	2=0.022945626412434972	3=0.007263381138318263
original-ordinal-03-0	3.432309821	0=0.5256930979306798	1=0.008402402083357925	2=0.45584237588582793	3=0.010062124100134288
original-ordinal-03-1	3.497543911	0=0.4014387076794361	1=0.006248460646411607	2=0.5817195135694408	3=0.010593318104711426
original-ordinal-04-0	3.453878933	0=0.48258705327098833	1=0.014265606111707387	2=0.048332466071361636	3=0.4548148745459427
original-ordinal-04-1	3.446037955	0=0.512084933201628	1=0.009414650565232588	2=0.05452059190134467	3=0.42397982433179476
original-ordinal-05-0	3.521022077	0=0.8284181845352099	1=0.01001432418069631	2=0.10266517453355256	3=0.05890231675054116
original-ordinal-05-1	3.504715467	0=0.9246832569515668	1=0.0070413374583559035	2=0.05529732690993367	3=0.012978078680143635
original-ordinal-06-0	3.722820441	0=0.7108960780997865	1=0.025632719083923502	2=0.24862867951104942	3=0.014842523305240567
original-ordinal-06-1	3.677855474	0=0.2782389604244024	1=0.00405906518026602	2=0.7004686326047693	3=0.017233341790562455
original-extraction-01-0	2.919262048	courier=0.2684883491920268	pickup=0.7217178496152752	post=0.006197996721584683	unknown=0.0035958044711134167
original-extraction-01-1	2.955944198	courier=0.18668732197780807	pickup=0.7985416422413391	post=0.011097410066158478	unknown=0.0036736257146943513
original-extraction-02-0	2.971502092	courier=0.23198809141908008	pickup=0.010137549293879762	post=0.19655067339358712	unknown=0.5613236858934532
original-extraction-02-1	2.962675949	courier=0.2180873304292611	pickup=0.014117059307641296	post=0.09234169614064189	unknown=0.6754539141224557
original-extraction-03-0	3.079888918	courier=0.817018847992179	pickup=0.10346348215781838	post=0.032176906872387265	unknown=0.04734076297761535
original-extraction-03-1	3.010234443	courier=0.8505252511449772	pickup=0.06594773431666062	post=0.031565513864337084	unknown=0.05196150067402514
original-extraction-04-0	2.994757819	courier=0.18967308860266602	pickup=0.023997661419554433	post=0.7810272204858315	unknown=0.005302029491948063
original-extraction-04-1	2.903251241	courier=0.2186911613584546	pickup=0.014807907840805651	post=0.7638096032389898	unknown=0.0026913275617498236
original-extraction-05-0	2.970800299	courier=0.18589551312491356	pickup=0.006794854738907279	post=0.029032341372617083	unknown=0.7782772907635621
original-extraction-05-1	2.878828482	courier=0.5876628827381567	pickup=0.017658095527947476	post=0.024154245188108832	unknown=0.3705247765457869
original-extraction-06-0	2.959812461	courier=0.926786835449218	pickup=0.02224896068713165	post=0.03789450270766513	unknown=0.013069701155985129
original-extraction-06-1	2.968243266	courier=0.8855004583338529	pickup=0.01850753117593253	post=0.047145754517598344	unknown=0.0488462559726162
original-adequacy-01-0	2.733846459	no=0.32313809249499614	yes=0.6768619075050039
original-adequacy-01-1	2.671400833	no=0.46921646823793217	yes=0.5307835317620679
original-adequacy-02-0	2.70072159	no=0.6431957983043359	yes=0.3568042016956642
original-adequacy-02-1	2.719162537	no=0.7963351621358674	yes=0.20366483786413261
original-adequacy-03-0	2.743586658	no=0.2567580953157937	yes=0.7432419046842063
original-adequacy-03-1	2.83750456	no=0.5514312545265313	yes=0.44856874547346864
original-adequacy-04-0	2.836569505	no=0.3787148610048552	yes=0.6212851389951448
original-adequacy-04-1	2.829795016	no=0.543925245664807	yes=0.456074754335193
original-adequacy-05-0	2.673450188	no=0.39993385067004156	yes=0.6000661493299585
original-adequacy-05-1	2.684198424	no=0.6108745237252187	yes=0.38912547627478133
original-adequacy-06-0	2.957689523	no=0.21946588279878593	yes=0.780534117201214
original-adequacy-06-1	3.012089396	no=0.6489818464229854	yes=0.3510181535770146
original-routing-01-0	3.911800389	math=0.8769513253123322	coding=0.03477312144583621	coding_agent=0.04588712843119018	document=8.267192907004213E-4	tools=0.00888484957592383	general=0.032676855944017306
original-routing-01-1	3.867353254	math=0.8269538832130013	coding=0.024024579112877597	coding_agent=0.044172542744850316	document=0.0012895333102054373	tools=0.016823217322759893	general=0.08673624429630555
original-routing-02-0	3.96289316	math=0.12079823243187919	coding=0.7104555866688548	coding_agent=0.15640922976598193	document=4.218892657212582E-4	tools=0.002187277312898199	general=0.009727784554664736
original-routing-02-1	3.816790045	math=0.0919607588574819	coding=0.8372519782431957	coding_agent=0.05281436250021099	document=4.815171747024803E-4	tools=0.0024362190402091297	general=0.015055164184199742
original-routing-03-0	3.882924642	math=0.3143405689305354	coding=0.003179248972013569	coding_agent=0.6775674374976033	document=4.7324409128426834E-4	tools=0.0017954673227937774	general=0.0026440331857697477
original-routing-03-1	3.917295058	math=0.3478222312588402	coding=0.003247075274605132	coding_agent=0.6457451352418748	document=3.7876106148772927E-4	tools=0.001344562209181096	general=0.001462234954010907
original-routing-04-0	3.799480599	math=0.2760756872615276	coding=0.004621479810292679	coding_agent=0.021233094717029524	document=0.6883641189766284	tools=0.006135798902741892	general=0.003569820331779883
original-routing-04-1	3.740956245	math=0.45600256327819516	coding=0.01616362584617716	coding_agent=0.04553973831115442	document=0.46676471316281015	tools=0.010795283233396385	general=0.004734076168266682
original-routing-05-0	3.789189622	math=0.18359682853903556	coding=0.003990167795376423	coding_agent=0.011297332336126998	document=4.343573479003756E-4	tools=0.7987268614849741	general=0.001954452496586688
original-routing-05-1	3.797850929	math=0.27166478323158993	coding=0.011475207265213996	coding_agent=0.03513637563451001	document=0.0011778053457273442	tools=0.6711019613630986	general=0.00944386715986004
original-routing-06-0	3.769712268	math=0.5136262391211655	coding=0.03984075967379834	coding_agent=0.02294522376352213	document=0.0012738480691899937	tools=0.013427669273528708	general=0.4088862600987952
original-routing-06-1	3.74081824	math=0.21541706889041115	coding=0.0620041504022831	coding_agent=0.02202303484038463	document=9.845755475216473E-4	tools=0.01245238119852487	general=0.6871187891208747
