easy-intent-00	0.000265940	track_order=0.2997938286284525	cancel_order=0.21696715908634404	change_address=0.16213680586043266	report_damage=0.31439704007865404	billing_question=0.0067051663461167275
easy-intent-01	0.000232938	track_order=0.23412720172828286	cancel_order=0.27650983798054357	change_address=0.18056922072530115	report_damage=0.30074227354845084	billing_question=0.008051466017421618
easy-intent-02	0.000201118	track_order=0.28093121723041603	cancel_order=0.2368025525070893	change_address=0.16012596920155792	report_damage=0.31546208824932237	billing_question=0.006678172811614325
easy-intent-03	0.040267776	track_order=0.2590758295782222	cancel_order=0.2275703080646554	change_address=0.15431812893111144	report_damage=0.3524220761956553	billing_question=0.006613657230355603
easy-intent-04	0.041269950	track_order=0.21251173891163208	cancel_order=0.2802251250377014	change_address=0.2329448506756177	report_damage=0.22937537154886006	billing_question=0.04494291382618867
easy-intent-05	0.037796011	track_order=0.30752726128490065	cancel_order=0.23934537918553542	change_address=0.15326023307158035	report_damage=0.29222917703064716	billing_question=0.007637949427336464
easy-intent-06	0.085602058	set_alarm=0.16648356260376265	play_music=0.09358709996758227	weather=0.31490274023226716	send_message=0.018490359473518337	turn_off_lights=0.4065362377228695
easy-intent-07	0.036625584	set_alarm=0.12172276499913492	play_music=0.16352368346196589	weather=0.2867128723839217	send_message=0.036389764670834227	turn_off_lights=0.39165091448414324
easy-intent-08	0.035312795	set_alarm=0.12135360970089284	play_music=0.10320148332682477	weather=0.3454274347566431	send_message=0.01831983762234087	turn_off_lights=0.4116976345932983
easy-intent-09	0.035934008	set_alarm=0.1626342548520413	play_music=0.13481927526311008	weather=0.3752076069619626	send_message=0.02563939105512761	turn_off_lights=0.3016994718677584
easy-intent-10	0.035742416	set_alarm=0.136266945587322	play_music=0.09472914762611392	weather=0.24430304374435657	send_message=0.010999462279407493	turn_off_lights=0.5137014007628
easy-intent-11	0.035670890	set_alarm=0.17605893936158418	play_music=0.08841055005757252	weather=0.2772269433636519	send_message=0.009749151064135864	turn_off_lights=0.44855441615305564
easy-fact-00	0.078318808	no=0.18462734888533705	yes=0.815372651114663
easy-fact-01	0.037157404	no=0.1731532641394382	yes=0.8268467358605618
easy-fact-02	0.037557067	no=0.16706254793039022	yes=0.8329374520696098
easy-fact-03	0.037627210	no=0.1992556492038109	yes=0.8007443507961891
easy-fact-04	0.037062053	no=0.17464769606977282	yes=0.8253523039302272
easy-fact-05	0.037153357	no=0.1465193874401307	yes=0.8534806125598693
easy-fact-06	0.037995023	no=0.20652498224421278	yes=0.7934750177557872
easy-fact-07	0.036421407	no=0.19820841895047447	yes=0.8017915810495255
easy-fact-08	0.036290854	no=0.17631454139914648	yes=0.8236854586008535
easy-fact-09	0.036129917	no=0.18651490222027123	yes=0.8134850977797288
easy-fact-10	0.037084818	no=0.1844700521750542	yes=0.8155299478249458
easy-fact-11	0.037203974	no=0.19240535711203888	yes=0.8075946428879611
easy-extraction-00	0.075801851	credit_card=0.971594203569669	paypal=0.024647493968612166	bank_transfer=0.0018094705715513593	cash=0.001948831890167558
easy-extraction-01	0.035640301	credit_card=0.9712552721373445	paypal=0.024033272980737822	bank_transfer=0.0019318414520065421	cash=0.002779613429911155
easy-extraction-02	0.035713922	credit_card=0.9624352122577531	paypal=0.03271210704404593	bank_transfer=0.003394558339656402	cash=0.0014581223585445112
easy-extraction-03	0.076815609	low=0.1717800471050598	medium=0.20068418242837852	high=0.25729854884871056	urgent=0.37023722161785116
easy-extraction-04	0.036163526	low=0.19877085001694442	medium=0.20895949863420882	high=0.31789917023916636	urgent=0.2743704811096804
easy-extraction-05	0.036065694	low=0.1879764166453562	medium=0.21688839616098618	high=0.26935830004238404	urgent=0.32577688715127356
easy-extraction-06	0.076059668	S=0.007136234188408354	M=0.01647907914385741	L=0.024828218943381702	XL=0.9515564677243525
easy-extraction-07	0.035831581	S=0.007928486144444132	M=0.011331932106795124	L=0.026829090715806164	XL=0.9539104910329547
easy-extraction-08	0.072439948	monday=0.1688714508336954	tuesday=0.15062771100854214	wednesday=0.1649784270908301	thursday=0.18515796261624862	friday=0.33036444845068386
easy-extraction-09	0.035965032	monday=0.17303877155956976	tuesday=0.15628218719613796	wednesday=0.16290002256506975	thursday=0.17989479158189736	friday=0.3278842270973252
easy-extraction-10	0.035724655	monday=0.17817952670988277	tuesday=0.15892535465590654	wednesday=0.16123727990601516	thursday=0.19497510432251822	friday=0.30668273440567734
easy-extraction-11	0.035908279	credit_card=0.9854877774663352	paypal=0.010698908522595214	bank_transfer=0.0021237007904771864	cash=0.0016896132205923954
easy-tool_selection-00	0.077156299	get_weather=0.35124682849403605	send_email=0.012355389205707399	create_calendar_event=0.08907986437023754	convert_currency=0.0904378079212608	translate_text=0.45688011000875817
easy-tool_selection-01	0.036064016	get_weather=0.23393622003003298	send_email=0.018537451332419807	create_calendar_event=0.13394731962431008	convert_currency=0.07414902775380178	translate_text=0.5394299812594354
easy-tool_selection-02	0.036129738	get_weather=0.2033485716586563	send_email=0.012453746767612172	create_calendar_event=0.21741843504765554	convert_currency=0.06594965447894319	translate_text=0.5008295920471327
easy-tool_selection-03	0.036027898	get_weather=0.22798168139892477	send_email=0.011494153596348481	create_calendar_event=0.07498046570116894	convert_currency=0.23919085792790798	translate_text=0.44635284137564984
easy-tool_selection-04	0.035806864	get_weather=0.1950352073456115	send_email=0.009924740485694111	create_calendar_event=0.10582947576895996	convert_currency=0.04783848118395958	translate_text=0.6413720952157749
easy-tool_selection-05	0.036158847	get_weather=0.19273652239733802	send_email=0.007391101111072919	create_calendar_event=0.24000909283939004	convert_currency=0.04247739693115826	translate_text=0.5173858867210408
easy-tool_selection-06	0.077916182	search_flights=0.6896496242987006	book_restaurant=0.08358934322585163	set_reminder=0.009233557889131262	get_stock_price=0.0029676143615819024	call_taxi=0.2145598602247347
easy-tool_selection-07	0.036067904	search_flights=0.39525483111741405	book_restaurant=0.20884636275900761	set_reminder=0.018843303354114986	get_stock_price=0.004121173940526903	call_taxi=0.37293432882893646
easy-tool_selection-08	0.036027341	search_flights=0.2221257318810541	book_restaurant=0.17427002203221817	set_reminder=0.041171029986096425	get_stock_price=0.0026484530056247557	call_taxi=0.5597847630950065
easy-tool_selection-09	0.035853665	search_flights=0.6687941684708864	book_restaurant=0.09428087362384006	set_reminder=0.01881482350610571	get_stock_price=0.033016509175387045	call_taxi=0.1850936252237809
easy-tool_selection-10	0.035823905	search_flights=0.30557734717850893	book_restaurant=0.12426388342898727	set_reminder=0.016206006496903912	get_stock_price=0.0023139312640346687	call_taxi=0.5516388316315652
easy-tool_selection-11	0.035984870	search_flights=0.3408092255152659	book_restaurant=0.18364530635281517	set_reminder=0.05659714175353471	get_stock_price=0.004951972586526883	call_taxi=0.4139963537918573
original-policy-01-0	0.077452049	no=0.2678448173084146	yes=0.7321551826915854
original-policy-01-1	0.037958742	no=0.2701837532190636	yes=0.7298162467809364
original-policy-02-0	0.037338714	no=0.2647621250517367	yes=0.7352378749482633
original-policy-02-1	0.037396885	no=0.3116494063387688	yes=0.6883505936612312
original-policy-03-0	0.037544723	no=0.22342471303995948	yes=0.7765752869600405
original-policy-03-1	0.037462473	no=0.2752362455176638	yes=0.7247637544823362
original-policy-04-0	0.037747796	no=0.2989836472711108	yes=0.7010163527288892
original-policy-04-1	0.037593640	no=0.31464416857501365	yes=0.6853558314249864
original-policy-05-0	0.038029828	no=0.26545925203400456	yes=0.7345407479659954
original-policy-05-1	0.037598857	no=0.26993259228121436	yes=0.7300674077187856
original-policy-06-0	0.037997407	no=0.23988731052547063	yes=0.7601126894745294
original-policy-06-1	0.037518031	no=0.2728563007223904	yes=0.7271436992776096
original-intent-01-0	0.076711853	cancel=0.3042005151678722	refund=0.2811099090096419	status=0.043558236658940826	change_address=0.010558902045444293	other=0.3605724371181007
original-intent-01-1	0.036392964	cancel=0.32834448546619854	refund=0.23813441674152486	status=0.05056306342182854	change_address=0.013717169258608948	other=0.3692408651118391
original-intent-02-0	0.036323894	cancel=0.19899970074408607	refund=0.26384103402917986	status=0.04798381400107693	change_address=0.011526751005725179	other=0.477648700219932
original-intent-02-1	0.036278659	cancel=0.2499513365150943	refund=0.26065293407802514	status=0.04613134645448058	change_address=0.007730878805656897	other=0.435533504146743
original-intent-03-0	0.036398535	cancel=0.2784741654911956	refund=0.22530028619025644	status=0.0470611342114529	change_address=0.034830672341891925	other=0.4143337417652031
original-intent-03-1	0.036289257	cancel=0.22111646720797895	refund=0.2367984022963516	status=0.05108559150873734	change_address=0.016871965017943212	other=0.47412757396898886
original-intent-04-0	0.037093521	cancel=0.26548945358716475	refund=0.18143109855482165	status=0.04532849923686819	change_address=0.05764479933368563	other=0.45010614928745984
original-intent-04-1	0.036286325	cancel=0.2735425998976691	refund=0.30437291164588987	status=0.03593933683125758	change_address=0.006881366781790812	other=0.3792637848433926
original-intent-05-0	0.036347506	cancel=0.2842476894101977	refund=0.21908055861471756	status=0.06423700608155337	change_address=0.03916347543902011	other=0.3932712704545113
original-intent-05-1	0.036365691	cancel=0.2726965180633063	refund=0.24260607810148413	status=0.06697262131813825	change_address=0.021619098454267505	other=0.3961056840628038
original-intent-06-0	0.036199235	cancel=0.3079713813436803	refund=0.21597852470551618	status=0.06107078085024843	change_address=0.049030959704832455	other=0.3659483533957227
original-intent-06-1	0.036538479	cancel=0.18539399639421442	refund=0.23236414215723253	status=0.04223311826430998	change_address=0.018644283906243453	other=0.5213644592779996
original-ordinal-01-0	0.077801141	0=0.10290572575945417	1=0.3998258856867229	2=0.2626206414800585	3=0.23464774707376448
original-ordinal-01-1	0.036212782	0=0.10361181522232664	1=0.35478943681920255	2=0.29960722108030924	3=0.2419915268781615
original-ordinal-02-0	0.036389072	0=0.07346262055907833	1=0.394778869977451	2=0.3089943644538126	3=0.22276414500965808
original-ordinal-02-1	0.036400131	0=0.0890842550474225	1=0.39618025217978126	2=0.28653818045924395	3=0.22819731231355236
original-ordinal-03-0	0.036182201	0=0.09114628626950687	1=0.36504613418648907	2=0.308193390133939	3=0.23561418941006504
original-ordinal-03-1	0.036297890	0=0.10194752454530144	1=0.3310548737615897	2=0.3060052313107681	3=0.2609923703823407
original-ordinal-04-0	0.036324142	0=0.08020489367251381	1=0.35248749075359376	2=0.309044219760484	3=0.2582633958134084
original-ordinal-04-1	0.036277160	0=0.08372693954620582	1=0.35063137807681627	2=0.29628796650494316	3=0.26935371587203477
original-ordinal-05-0	0.036435596	0=0.07568521326216299	1=0.3980626314131544	2=0.289242602611223	3=0.23700955271345964
original-ordinal-05-1	0.036405722	0=0.09114010980008161	1=0.3630937894996936	2=0.28601717463974535	3=0.25974892606047933
original-ordinal-06-0	0.036441201	0=0.07671167645520173	1=0.3366983878764694	2=0.3593828819910568	3=0.22720705367727215
original-ordinal-06-1	0.037334283	0=0.0813121791273761	1=0.3568361911528988	2=0.31895935899521866	3=0.2428922707245065
original-extraction-01-0	0.075902615	courier=0.1610572997106927	pickup=0.010422821211255581	post=0.22772234068511174	unknown=0.60079753839294
original-extraction-01-1	0.037199632	courier=0.1611052302979546	pickup=0.010498559462090204	post=0.21034538518431645	unknown=0.6180508250556388
original-extraction-02-0	0.037271518	courier=0.07659511106527335	pickup=0.01257565655542092	post=0.19419625065067894	unknown=0.7166329817286268
original-extraction-02-1	0.037175636	courier=0.0698377014259586	pickup=0.004865254994695856	post=0.16486665764291977	unknown=0.7604303859364259
original-extraction-03-0	0.037362738	courier=0.13432458830897526	pickup=0.013135061583940042	post=0.18957839421281672	unknown=0.662961955894268
original-extraction-03-1	0.037286911	courier=0.15806135810265315	pickup=0.0063470056307511425	post=0.22839635360667404	unknown=0.6071952826599216
original-extraction-04-0	0.037210860	courier=0.1342774974411453	pickup=0.015610657970094744	post=0.1722145766084556	unknown=0.6778972679803044
original-extraction-04-1	0.037109791	courier=0.11623544894678135	pickup=0.010962166754598098	post=0.22166762705215118	unknown=0.6511347572464694
original-extraction-05-0	0.037247713	courier=0.1657688317468985	pickup=0.010848967183023242	post=0.3325302098257567	unknown=0.49085199124432166
original-extraction-05-1	0.037222596	courier=0.07356762919915955	pickup=0.007033458571492996	post=0.14364006733112705	unknown=0.7757588448982203
original-extraction-06-0	0.037634825	courier=0.1329697271992568	pickup=0.011642546210691416	post=0.2250770748428809	unknown=0.6303106517471708
original-extraction-06-1	0.037349386	courier=0.12372140499594207	pickup=0.010065958828271611	post=0.27632646867840877	unknown=0.5898861674973775
original-adequacy-01-0	0.073761379	no=0.4653172466999568	yes=0.5346827533000432
original-adequacy-01-1	0.038894217	no=0.6456681754356858	yes=0.3543318245643142
original-adequacy-02-0	0.037055597	no=0.6105024528965368	yes=0.38949754710346324
original-adequacy-02-1	0.036982847	no=0.783785545682496	yes=0.2162144543175039
original-adequacy-03-0	0.037064995	no=0.6725770443663736	yes=0.32742295563362644
original-adequacy-03-1	0.037240953	no=0.5728795969083955	yes=0.42712040309160454
original-adequacy-04-0	0.037221926	no=0.5641603871019978	yes=0.43583961289800227
original-adequacy-04-1	0.037097823	no=0.716968534343478	yes=0.283031465656522
original-adequacy-05-0	0.036282401	no=0.5186356963851777	yes=0.4813643036148223
original-adequacy-05-1	0.036248182	no=0.6404022135242489	yes=0.3595977864757512
original-adequacy-06-0	0.037552943	no=0.545238421204984	yes=0.454761578795016
original-adequacy-06-1	0.037531701	no=0.8151865167663859	yes=0.18481348323361416
original-routing-01-0	0.079515779	math=0.025009123085059197	coding=0.2370356883231414	coding_agent=0.010931930234671873	document=0.6676140827744634	tools=0.043910129755943154	general=0.015499045826720861
original-routing-01-1	0.036994936	math=0.037241399392482555	coding=0.32126283585688553	coding_agent=0.02145277380082801	document=0.5252182295940967	tools=0.07670878540240621	general=0.018115975953300934
original-routing-02-0	0.037257121	math=0.04820238357679603	coding=0.3441757713797387	coding_agent=0.03171165920655358	document=0.4550865006323339	tools=0.09186650127731104	general=0.028957183927266646
original-routing-02-1	0.036399318	math=0.05345022030401581	coding=0.3779578035102316	coding_agent=0.04173232835412604	document=0.40844228235886976	tools=0.09644676881617884	general=0.021970596656577943
original-routing-03-0	0.037163601	math=0.02531285917283867	coding=0.5549907180047411	coding_agent=0.07708895349313603	document=0.29566100223409103	tools=0.041370548888563924	general=0.005575918206629236
original-routing-03-1	0.037240517	math=0.01622376337869758	coding=0.6506320843318475	coding_agent=0.11745116567505498	document=0.18811506526434782	tools=0.025653777938160503	general=0.001924143411891684
original-routing-04-0	0.036992862	math=0.020443059887808642	coding=0.22957684623867347	coding_agent=0.015914027455849324	document=0.643284798023106	tools=0.07188000930941733	general=0.018901259085145318
original-routing-04-1	0.036477560	math=0.016698064924763462	coding=0.1795745399951888	coding_agent=0.012040110102553183	document=0.7066637742424113	tools=0.06645506834229215	general=0.01856844239279104
original-routing-05-0	0.037085486	math=0.027321593866257102	coding=0.4048467791621721	coding_agent=0.026460397345151956	document=0.3804518497500598	tools=0.13838893917168757	general=0.02253044070467155
original-routing-05-1	0.037049748	math=0.022952067083108776	coding=0.34022703358028156	coding_agent=0.02059404455109516	document=0.4830696910435202	tools=0.10885847307778775	general=0.024298690664206597
original-routing-06-0	0.037023918	math=0.024532265480216434	coding=0.1976909411118386	coding_agent=0.01251485569878518	document=0.6896092092599567	tools=0.05047654029405733	general=0.02517618815514574
original-routing-06-1	0.036419413	math=0.023821757066428514	coding=0.19583520600365287	coding_agent=0.010724862643204408	document=0.689697652818584	tools=0.05487158778377257	general=0.02504893368435766
