qwen2_5_math_1_5b_instruct_q4_0	verdict	FAILED_MODEL_CONTRIBUTION_GATE
qwen2_5_math_1_5b_instruct_q4_0	rc0	889
qwen2_5_math_1_5b_instruct_q4_k_s	verdict	FAILED_MODEL_CONTRIBUTION_GATE
qwen2_5_math_1_5b_instruct_q4_k_s	rc0	524
phi_4_mini_instruct_q4_0	verdict	FAILED_ABSOLUTE_GATE
phi_4_mini_instruct_q4_0	rc0	582
phi_4_mini_instruct_q4_k_m	verdict	QUALIFIED
phi_4_mini_instruct_q4_k_m	rc0	219
bartowski_mathstral_7b_v0_1_gguf_q4_k_s	verdict	QUALIFIED
bartowski_mathstral_7b_v0_1_gguf_q4_k_s	rc0	487
bartowski_qwen2_5_math_7b_instruct_gguf_q4_k_m	verdict	FAILED_MODEL_CONTRIBUTION_GATE
bartowski_qwen2_5_math_7b_instruct_gguf_q4_k_m	rc0	2172
