easy-intent-00	3.144813236	track_order=0.9420938744914295	cancel_order=0.012920700412287748	change_address=0.02437472518351749	report_damage=0.016285716228427123	billing_question=0.004324983684338224
easy-intent-01	3.034647933	track_order=0.0663688987372115	cancel_order=0.9135333175579327	change_address=0.00976019774214842	report_damage=0.00634234775744609	billing_question=0.0039952382052613165
easy-intent-02	3.097992015	track_order=0.10285528420841078	cancel_order=0.0064359144119104815	change_address=0.8633380769226986	report_damage=0.024560014649304913	billing_question=0.0028107098076754914
easy-intent-03	3.052861147	track_order=0.03743182492767135	cancel_order=8.984789748231437E-4	change_address=0.004092818788280694	report_damage=0.9572184853162716	billing_question=3.5839199295303344E-4
easy-intent-04	3.131418139	track_order=0.09984660841868313	cancel_order=0.044349699495181284	change_address=0.02662668785289576	report_damage=0.0993823453920158	billing_question=0.7297946588412241
easy-intent-05	2.893883817	track_order=0.9470727811823495	cancel_order=0.011689813902924727	change_address=0.026799443776425014	report_damage=0.01074127251267882	billing_question=0.003696688625622009
easy-intent-06	2.786932323	set_alarm=0.864400673159134	play_music=0.02251967787910794	weather=0.02441326454188129	send_message=0.05983238635344162	turn_off_lights=0.02883399806643495
easy-intent-07	2.554879514	set_alarm=0.04646974554194364	play_music=0.9270225838798198	weather=0.012699482061447234	send_message=0.007950089154875462	turn_off_lights=0.0058580993619137866
easy-intent-08	2.700502138	set_alarm=0.05593890957354848	play_music=0.01632990333949133	weather=0.8886301400390642	send_message=0.029698534356460294	turn_off_lights=0.009402512691435804
easy-intent-09	2.924403656	set_alarm=0.05828668072582018	play_music=0.004006368737308087	weather=0.0061094022918020165	send_message=0.9291601868560181	turn_off_lights=0.002437361389051565
easy-intent-10	2.608539155	set_alarm=0.11766021919262633	play_music=0.020481994771207285	weather=0.015370882429144117	send_message=0.029917308352441725	turn_off_lights=0.8165695952545806
easy-intent-11	2.592467872	set_alarm=0.8388141911275616	play_music=0.023195546742135784	weather=0.04423923773300955	send_message=0.05048306055661472	turn_off_lights=0.04326796384067828
easy-fact-00	1.82137629	no=0.5888593464921271	yes=0.4111406535078729
easy-fact-01	1.759739218	no=0.8313360949252657	yes=0.16866390507473433
easy-fact-02	2.069156993	no=0.5055935433396805	yes=0.4944064566603194
easy-fact-03	2.256908955	no=0.5034098096565937	yes=0.4965901903434064
easy-fact-04	1.792802137	no=0.44384405776483493	yes=0.5561559422351652
easy-fact-05	1.823137811	no=0.5282677262879851	yes=0.4717322737120148
easy-fact-06	2.290752759	no=0.5701111766840607	yes=0.4298888233159392
easy-fact-07	1.697476181	no=0.450505041070688	yes=0.549494958929312
easy-fact-08	1.560551801	no=0.7250246871920509	yes=0.274975312807949
easy-fact-09	1.667676834	no=0.7434045725825363	yes=0.2565954274174636
easy-fact-10	2.049366691	no=0.2830016639053285	yes=0.7169983360946715
easy-fact-11	1.916351684	no=0.39283964637100965	yes=0.6071603536289902
easy-extraction-00	1.759937553	credit_card=0.09364714597598016	paypal=0.8742140938653487	bank_transfer=0.010926362738441582	cash=0.021212397420229685
easy-extraction-01	1.822694331	credit_card=0.062035394348791885	paypal=0.002487113498452263	bank_transfer=0.0030939671582797274	cash=0.9323835249944762
easy-extraction-02	1.833421889	credit_card=0.10753022878252583	paypal=0.015354675200936608	bank_transfer=0.8488549630427878	cash=0.028260132973749724
easy-extraction-03	1.815751249	low=0.19263421119524063	medium=0.21341542568745597	high=0.3823265693413097	urgent=0.21162379377599363
easy-extraction-04	1.878878032	low=0.653581864223772	medium=0.09471622772256266	high=0.12338160252875519	urgent=0.12832030552491006
easy-extraction-05	2.033336847	low=0.15986247591751648	medium=0.024115721973148534	high=0.10759601695463247	urgent=0.7084257851547024
easy-extraction-06	1.620342731	S=0.11507599848142479	M=0.8668554568402062	L=0.008285676917102221	XL=0.009782867761266873
easy-extraction-07	1.611532869	S=0.1700476857959716	M=0.040271785908738866	L=0.08665561256796415	XL=0.7030249157273255
easy-extraction-08	1.913682742	monday=0.0682309186366192	tuesday=0.007402197978351532	wednesday=0.020680935445860534	thursday=0.9014649539372573	friday=0.0022209940019114753
easy-extraction-09	1.960687739	monday=0.6130304141824644	tuesday=0.04226272540829186	wednesday=0.08709940327479271	thursday=0.15606943935004913	friday=0.10153801778440182
easy-extraction-10	1.914429206	monday=0.14846374528835724	tuesday=0.011313806685985774	wednesday=0.03183034188101472	thursday=0.0428010059805264	friday=0.7655911001641159
easy-extraction-11	1.946303536	credit_card=0.6762333813642928	paypal=0.019581274447268184	bank_transfer=0.012356882523312195	cash=0.2918284616651268
easy-tool_selection-00	2.861475215	get_weather=0.8363826281706422	send_email=0.03777492330976337	create_calendar_event=0.016950733324421548	convert_currency=0.08670382379102876	translate_text=0.022187891404143924
easy-tool_selection-01	3.046362644	get_weather=0.07804176962912152	send_email=0.9043956122841008	create_calendar_event=0.006227888595739857	convert_currency=0.0058744554724483675	translate_text=0.00546027401858941
easy-tool_selection-02	3.021871105	get_weather=0.09059216489545287	send_email=0.008974981628341757	create_calendar_event=0.8785590875167427	convert_currency=0.018125379957564382	translate_text=0.003748386001898153
easy-tool_selection-03	2.81113	get_weather=0.03038692388654864	send_email=0.005141813410332323	create_calendar_event=0.0021926772739486212	convert_currency=0.9610534434229118	translate_text=0.0012251420062586538
easy-tool_selection-04	2.714861466	get_weather=0.0943349837182436	send_email=0.011005283805475627	create_calendar_event=0.005748382584439901	convert_currency=0.021489162624698032	translate_text=0.8674221872671429
easy-tool_selection-05	2.875956501	get_weather=0.07898589750973804	send_email=0.007645561482009338	create_calendar_event=0.9004653735329737	convert_currency=0.008611274302846578	translate_text=0.0042918931724323555
easy-tool_selection-06	3.078267978	search_flights=0.8527921722111979	book_restaurant=0.03087576236494239	set_reminder=0.03187391517484842	get_stock_price=0.027622824564782718	call_taxi=0.05683532568422884
easy-tool_selection-07	3.203155829	search_flights=0.07903124235156055	book_restaurant=0.8599381750218156	set_reminder=0.029696271304889256	get_stock_price=0.020844419258161977	call_taxi=0.010489892063572787
easy-tool_selection-08	3.175272686	search_flights=0.059716945042692725	book_restaurant=0.002580449760322157	set_reminder=0.9253451578734717	get_stock_price=0.007762629807234272	call_taxi=0.004594817516279249
easy-tool_selection-09	3.041898969	search_flights=0.034325610071879356	book_restaurant=0.0027487329545017244	set_reminder=0.010126871289088589	get_stock_price=0.9462906330004518	call_taxi=0.00650815268407865
easy-tool_selection-10	2.98894661	search_flights=0.09259182862776233	book_restaurant=0.007865592625918131	set_reminder=0.0339962962104321	get_stock_price=0.031376164972479303	call_taxi=0.8341701175634082
easy-tool_selection-11	3.063343588	search_flights=0.03635453318857193	book_restaurant=0.002412415559227991	set_reminder=0.9450575702840991	get_stock_price=0.012272364358369137	call_taxi=0.0039031166097318036
original-policy-01-0	2.277924923	no=0.6127238816583034	yes=0.3872761183416966
original-policy-01-1	2.349278981	no=0.7066540379304023	yes=0.2933459620695978
original-policy-02-0	2.243918127	no=0.36588095937540066	yes=0.6341190406245992
original-policy-02-1	2.061670659	no=0.586690980039059	yes=0.413309019960941
original-policy-03-0	2.044020438	no=0.2764880726438192	yes=0.7235119273561808
original-policy-03-1	2.03734833	no=0.7659358158600635	yes=0.2340641841399365
original-policy-04-0	2.205371005	no=0.3506964722703106	yes=0.6493035277296895
original-policy-04-1	2.110519765	no=0.7778059328037056	yes=0.22219406719629448
original-policy-05-0	2.406417295	no=0.45142522205531743	yes=0.5485747779446826
original-policy-05-1	2.31549888	no=0.7603833383150777	yes=0.23961666168492227
original-policy-06-0	2.347417202	no=0.28263007575977983	yes=0.7173699242402202
original-policy-06-1	2.10324325	no=0.40781420735184076	yes=0.5921857926481592
original-intent-01-0	2.424143235	cancel=0.06787391886924489	refund=0.8798381368992733	status=0.010153680904935259	change_address=0.013623131659144487	other=0.028511131667402146
original-intent-01-1	2.432007649	cancel=0.09620341105888094	refund=0.8147693704369215	status=0.01861026148454184	change_address=0.016290717149067095	other=0.054126239870588386
original-intent-02-0	2.415124827	cancel=0.09359579838410989	refund=0.057054696953391916	status=0.235370283173543	change_address=0.24185531251157258	other=0.3721239089773827
original-intent-02-1	2.512913415	cancel=0.11566858110877598	refund=0.03286070544977751	status=0.7395877144782702	change_address=0.033373793747385395	other=0.07850920521579079
original-intent-03-0	2.718476721	cancel=0.07044479389107297	refund=0.007956337797343319	status=0.0011116065170753981	change_address=0.9130803563965629	other=0.00740690539794538
original-intent-03-1	2.419815014	cancel=0.05612134220941324	refund=0.006408362854944963	status=0.00150794574138192	change_address=0.9281944703322079	other=0.007767878862052009
original-intent-04-0	2.523637352	cancel=0.5132950470198945	refund=0.05495129294208357	status=0.007456193422002443	change_address=0.020223569009388404	other=0.4040738976066312
original-intent-04-1	2.46672044	cancel=0.35834416272651537	refund=0.11073524596793849	status=0.015105495700784573	change_address=0.06431230317081554	other=0.45150279243394603
original-intent-05-0	2.502728249	cancel=0.10201282963982258	refund=0.6947166877941954	status=0.03795580721735779	change_address=0.07095563347313058	other=0.09435904187549359
original-intent-05-1	2.473668124	cancel=0.0984810623937235	refund=0.7722164050791444	status=0.0264583889176027	change_address=0.0382249856552277	other=0.06461915795430186
original-intent-06-0	2.487856859	cancel=0.1550214935094456	refund=0.06897180677056805	status=0.68888224661963	change_address=0.021119636672837748	other=0.06600481642751857
original-intent-06-1	2.502739643	cancel=0.13719746121989826	refund=0.026775905876537675	status=0.7941027611816652	change_address=0.018859641647898637	other=0.023064230074000255
original-ordinal-01-0	2.689165013	0=0.5032385219870958	1=0.0956935782647002	2=0.14253896434266683	3=0.2585289354055372
original-ordinal-01-1	2.696288112	0=0.4658468932302137	1=0.15150165163825663	2=0.18305129434279085	3=0.1996001607887388
original-ordinal-02-0	2.78610861	0=0.16665927913542927	1=0.7209440858003974	2=0.08322492493710915	3=0.029171710127064196
original-ordinal-02-1	2.773517398	0=0.3454130100652676	1=0.5951627617866851	2=0.03333547944189112	3=0.026088748706156187
original-ordinal-03-0	2.9320256	0=0.19389377183372172	1=0.055636113035218655	2=0.703791156956682	3=0.046678958174377665
original-ordinal-03-1	2.874517845	0=0.27667246822087393	1=0.12789368410208724	2=0.47056570951636445	3=0.1248681381606745
original-ordinal-04-0	2.753229822	0=0.14581014111397805	1=0.036367636553781335	2=0.07120206697623921	3=0.7466201553560013
original-ordinal-04-1	2.695460249	0=0.18794610567385733	1=0.038439762825496285	2=0.10341251341830301	3=0.6702016180823434
original-ordinal-05-0	2.792558994	0=0.6304122272727848	1=0.05284012503951296	2=0.18370587731478022	3=0.13304177037292209
original-ordinal-05-1	2.802931029	0=0.6850164802650747	1=0.05379297150208503	2=0.10511401507757188	3=0.15607653315526834
original-ordinal-06-0	2.901073514	0=0.3564685038700106	1=0.10237596907484656	2=0.49495659402707715	3=0.0461989330280656
original-ordinal-06-1	3.152817338	0=0.20016934265784034	1=0.03117005307665524	2=0.7522715202598209	3=0.016389084005683445
original-extraction-01-0	2.040521084	courier=0.1433151098917618	pickup=0.7533009616394551	post=0.004291790373677605	unknown=0.0990921380951054
original-extraction-01-1	2.07554251	courier=0.05087329746456871	pickup=0.851945090564879	post=0.030810578092998895	unknown=0.06637103387755344
original-extraction-02-0	2.101367423	courier=0.03456421822386898	pickup=0.017784585633985283	post=0.06822204808715376	unknown=0.8794291480549918
original-extraction-02-1	2.080090252	courier=0.02271732936792465	pickup=0.005049433965442306	post=0.028705566372282623	unknown=0.9435276702943504
original-extraction-03-0	2.191057779	courier=0.22258595320740457	pickup=0.534350735364198	post=0.010929692285858465	unknown=0.2321336191425389
original-extraction-03-1	2.244900754	courier=0.4756936250337653	pickup=0.16621676589606277	post=0.016898966210412963	unknown=0.3411906428597589
original-extraction-04-0	2.355901536	courier=0.11235809254538531	pickup=0.025709961355497368	post=0.7960740129330356	unknown=0.06585793316608168
original-extraction-04-1	2.081951143	courier=0.10526529273229585	pickup=0.009541235407225207	post=0.8272692551394759	unknown=0.05792421672100321
original-extraction-05-0	2.186436102	courier=0.030754595630424993	pickup=0.010681291706877179	post=0.009392511524899047	unknown=0.9491716011377987
original-extraction-05-1	2.081568151	courier=0.08627102586797367	pickup=0.03574942887824061	post=0.020001412612241483	unknown=0.8579781326415443
original-extraction-06-0	2.143635504	courier=0.6466069462426598	pickup=0.03772842547558599	post=0.03858351636837133	unknown=0.27708111191338297
original-extraction-06-1	2.195196047	courier=0.3319099307745753	pickup=0.06539004569134971	post=0.07903583574333878	unknown=0.5236641877907362
original-adequacy-01-0	2.086407249	no=0.19718224528320127	yes=0.8028177547167987
original-adequacy-01-1	1.812738147	no=0.3930177674423853	yes=0.6069822325576147
original-adequacy-02-0	1.770173776	no=0.5164720986256978	yes=0.48352790137430224
original-adequacy-02-1	1.80862973	no=0.7472393231871117	yes=0.2527606768128884
original-adequacy-03-0	1.843542985	no=0.3590252203477502	yes=0.6409747796522498
original-adequacy-03-1	1.935178605	no=0.5044034773025455	yes=0.4955965226974545
original-adequacy-04-0	1.987101514	no=0.6632647963873322	yes=0.33673520361266784
original-adequacy-04-1	2.265978747	no=0.6594345014219305	yes=0.34056549857806945
original-adequacy-05-0	1.699547952	no=0.4120384113399607	yes=0.5879615886600392
original-adequacy-05-1	1.728363804	no=0.19517578841511768	yes=0.8048242115848823
original-adequacy-06-0	2.059208505	no=0.3001158100628242	yes=0.6998841899371758
original-adequacy-06-1	2.094449949	no=0.6688811052475457	yes=0.33111889475245426
original-routing-01-0	3.260777658	math=0.5145791319971665	coding=0.34510887410521224	coding_agent=0.025581007231276872	document=0.011792005519221079	tools=0.00796214726190043	general=0.09497683388522295
original-routing-01-1	3.36947823	math=0.4267948512983179	coding=0.34094259091279167	coding_agent=0.03266012738389007	document=0.02132155565529885	tools=0.019470734749608656	general=0.1588101400000929
original-routing-02-0	3.249650295	math=0.14260872138272682	coding=0.7627455330519649	coding_agent=0.019990861037400953	document=0.006760947572194338	tools=0.003246906274040898	general=0.06464703068167198
original-routing-02-1	3.064629775	math=0.09253722940609121	coding=0.7975720897555717	coding_agent=0.017615084439206244	document=0.004987856896245634	tools=0.0034752147591140163	general=0.08381252474377097
original-routing-03-0	3.20074713	math=0.20309295985502135	coding=0.0579703181354761	coding_agent=0.6598423228542987	document=0.011461152326467501	tools=0.005508463890603991	general=0.06212478293813233
original-routing-03-1	3.264831984	math=0.0983680663992883	coding=0.0164698982896205	coding_agent=0.8315838380720925	document=0.00661285754893474	tools=0.00242229344573283	general=0.044543046244331
original-routing-04-0	3.086465398	math=0.1840909554715371	coding=0.08387028649902767	coding_agent=0.07098773656183076	document=0.49670252170517215	tools=0.05185823178832359	general=0.11249026797410862
original-routing-04-1	3.146593291	math=0.1714196969163623	coding=0.0330824798773585	coding_agent=0.0210258165257477	document=0.5500076450028372	tools=0.028883905419588324	general=0.19558045625810602
original-routing-05-0	3.260464613	math=0.174171518757928	coding=0.024512125256035404	coding_agent=0.020952619680215875	document=0.027665662832522933	tools=0.5968894462918819	general=0.15580862718141594
original-routing-05-1	3.617762239	math=0.2194330117138163	coding=0.09523226087748306	coding_agent=0.11076663419818064	document=0.03879895767661528	tools=0.12148790376294769	general=0.414281231770957
original-routing-06-0	3.163093298	math=0.13856871800636592	coding=0.11233414904881572	coding_agent=0.2537512508029428	document=0.01737350824131032	tools=0.07637829220997933	general=0.4015940816905859
original-routing-06-1	3.087432717	math=0.10079861773198963	coding=0.061148064581723574	coding_agent=0.3522313222466873	document=0.024579497859345625	tools=0.10393148314129488	general=0.35731101443895885
