model,host,vcpu,params_b,input_tokens_per_attempt,our_cache_hit_fraction,ollama_cache_tokens_reported,our_prefill_tok_s,ollama_prefill_tok_s,our_implied_tflops,ollama_implied_tflops,ollama_exceeds_machine_peak,our_ttft_p50_ms,ollama_ttft_p50_ms,ttft_p50_ratio,our_ttft_p95_ms,ollama_ttft_p95_ms,ttft_p95_ratio
bartowski-deepseek-r1-distill-qwen-1-5b-gguf-q4_k_s,AMD EPYC 7R13 Processor,16,1.71,193.1,0.6231,0,144.0,1637.3,0.494,5.614,True,517.8,133.2,3.889,667.0,316.6,2.107
bartowski-gemma-2-9b-it-gguf-q4_k_m,AMD EPYC 7R13 Processor,16,9.22,174.1,0.6382,0,27.2,43.7,0.502,0.805,False,2498.4,3976.4,0.628,3068.4,4375.2,0.701
bartowski-google-gemma-3-12b-it-gguf-q4_k_m,AMD EPYC 7R13 Processor,16,11.68,176.3,0.6471,0,22.7,33.7,0.531,0.788,False,2969.7,5202.6,0.571,3467.7,5526.3,0.627
bartowski-google-gemma-3-1b-it-gguf-q8_0,AMD EPYC 7R13 Processor,16,1.71,176.3,0.6471,0,117.0,371.6,0.401,1.271,False,567.9,482.2,1.178,751.4,508.7,1.477
bartowski-huatuogpt-o1-7b-gguf-q4_k_m,AMD EPYC 7R13 Processor,16,7.49,170.1,0.6251,0,37.5,141.2,0.561,2.116,True,1807.6,1200.8,1.505,2198.7,1503.1,1.463
bartowski-llama-3-2-1b-instruct-gguf-q4_k_s,AMD EPYC 7R13 Processor,16,1.24,168.2,0.6367,0,158.4,940.6,0.393,2.335,True,409.9,183.8,2.23,487.3,220.1,2.214
bartowski-llama-3-2-1b-instruct-gguf-q5_k_m,AMD EPYC 7R13 Processor,16,1.46,168.2,0.6367,0,135.3,482.8,0.395,1.408,False,463.5,348.8,1.329,558.3,430.5,1.297
bartowski-llama-3-2-1b-instruct-gguf-q5_k_s,AMD EPYC 7R13 Processor,16,1.43,168.2,0.6367,0,137.0,469.0,0.391,1.339,False,470.3,365.1,1.288,586.8,440.6,1.332
bartowski-mathstral-7b-v0-1-gguf-q4_k_m,AMD EPYC 7R13 Processor,16,7.0,267.2,0.6191,0,31.5,133.4,0.441,1.867,False,3280.6,1975.2,1.661,3891.3,2358.7,1.65
bartowski-meta-llama-3-1-8b-instruct-gguf-q4_k_m,AMD EPYC 7R13 Processor,16,7.87,168.2,0.6367,0,29.7,134.8,0.468,2.123,True,2118.1,1255.8,1.687,2650.8,1479.2,1.792
bartowski-ministral-8b-instruct-2410-gguf-q4_k_m,AMD EPYC 7R13 Processor,16,7.86,224.2,0.6239,0,30.6,132.0,0.48,2.075,True,2822.9,1685.2,1.675,3495.4,1942.9,1.799
bartowski-mistral-nemo-instruct-2407-gguf-q4_k_m,AMD EPYC 7R13 Processor,16,11.96,224.2,0.6239,0,20.1,85.1,0.48,2.035,True,4300.4,2602.3,1.653,5258.1,3029.7,1.736
bartowski-phi-3-5-mini-instruct-gguf-q4_k_m,AMD EPYC 7R13 Processor,16,3.83,206.1,0.6146,0,50.0,196.6,0.383,1.506,False,1682.6,1034.3,1.627,2012.7,1265.5,1.59
deepreinforce-ai-ornith-1-0-9b-gguf-q4_k_m,AMD EPYC 7R13 Processor,16,9.01,178.1,0.6313,0,29.2,895.5,0.525,16.13,True,5912.7,290.3,20.365,6493.9,2810.0,2.311
gemma-3-4b-it-q4_k_m,AMD EPYC 7R13 Processor,16,3.98,176.3,0.6471,0,65.4,109.4,0.521,0.872,False,1013.6,1620.1,0.626,1197.7,1709.8,0.701
ibm-granite-granite-4-1-8b-gguf-q4_k_m,AMD EPYC 7R13 Processor,16,8.56,168.2,0.6308,0,32.5,116.3,0.556,1.99,False,1943.8,1437.8,1.352,2479.0,1745.7,1.42
janhq-jan-v3-5-4b-gguf-q4_k_m,AMD EPYC 7R13 Processor,16,4.35,170.1,0.6251,0,55.6,236.7,0.483,2.058,True,1197.8,719.9,1.664,1403.9,875.3,1.604
king3djbl-nexus-finance-gguf-q5_k_s,AMD EPYC 7R13 Processor,16,1.76,170.1,0.6251,0,124.4,5076.4,0.437,17.848,True,532.1,50.7,10.495,698.5,67.2,10.401
king3djbl-nexus-legal-gguf-q5_k_m,AMD EPYC 7R13 Processor,16,1.8,170.1,0.6251,0,127.3,5159.3,0.458,18.574,True,525.8,49.9,10.538,677.3,81.8,8.279
lmstudio-community-gemma-4-e2b-it-gguf-q4_k_m,AMD EPYC 7R13 Processor,16,5.48,187.3,0.6305,0,26.0,174.8,0.285,1.918,False,2810.4,1043.2,2.694,3333.4,1133.9,2.94
maziyarpanahi-meta-llama-3-8b-instruct-gguf-q4_k_m,AMD EPYC 7R13 Processor,16,7.87,168.2,0.6367,0,32.1,134.1,0.506,2.111,True,1951.7,1259.2,1.55,2483.8,1484.0,1.674
maziyarpanahi-mistral-7b-instruct-v0-3-gguf-q4_k_m,AMD EPYC 7R13 Processor,16,7.0,267.2,0.6191,0,32.2,134.4,0.45,1.881,False,3260.0,1971.7,1.653,3893.4,2353.4,1.654
mistralai-ministral-3-3b-instruct-2512-gguf-q4_k_m,AMD EPYC 7R13 Processor,16,3.44,204.2,0.6164,0,63.2,288.9,0.434,1.985,False,1287.0,712.4,1.807,1612.1,815.2,1.978
mradermacher-popit-qwen3-4b-medical-sft-1128-gguf-q4_k_m,AMD EPYC 7R13 Processor,16,4.0,170.1,0.6251,0,57.8,242.7,0.462,1.939,False,1153.9,710.1,1.625,1423.9,854.5,1.666
qwen-qwen2-5-0-5b-instruct-gguf-q6_k,AMD EPYC 7R13 Processor,16,1.04,170.1,0.6251,0,238.5,1521.6,0.496,3.167,True,285.2,119.3,2.39,420.6,142.3,2.955
qwen-qwen2-5-coder-1-5b-instruct-gguf-q4_k_m,AMD EPYC 7R13 Processor,16,1.79,170.1,0.6251,0,148.2,619.0,0.53,2.213,True,457.2,280.9,1.628,581.1,351.0,1.656
qwen-qwen3-8b-gguf-q4_k_m,AMD EPYC 7R13 Processor,16,8.04,170.1,0.6251,0,37.4,1314.0,0.602,21.14,True,1795.4,177.8,10.096,2180.5,461.7,4.722
qwen3.5-2b-q4_k_m,AMD EPYC 7R13 Processor,16,2.05,178.1,0.6313,0,113.6,187.8,0.466,0.77,False,1520.7,953.4,1.595,1642.7,1032.1,1.592
unsloth-gemma-4-12b-it-gguf-q4_k_m,AMD EPYC 7R13 Processor,16,11.39,187.3,0.6305,0,20.9,32.7,0.476,0.744,False,3457.5,5718.2,0.605,4214.5,6089.3,0.692
unsloth-qwen3-5-0-8b-gguf-q5_k_m,AMD EPYC 7R13 Processor,16,0.94,178.1,0.6313,0,171.7,294.5,0.324,0.556,False,992.1,610.9,1.624,1061.7,660.9,1.607
unsloth-qwen3-5-0-8b-gguf-q6_k,AMD EPYC 7R13 Processor,16,1.02,178.1,0.6313,0,173.0,340.2,0.354,0.696,False,982.0,528.0,1.86,1065.2,576.1,1.849
