artifact	verdict	worst_cosine	worst_probe	second_worst_cosine	second_worst_probe
bartowski_granite_embedding_107m_multilingual_gguf_f16	REPRODUCED	0.9999975973	'How do I reset my password?'	0.9999978109	'The quick brown fox jumps over the lazy '
bartowski_granite_embedding_107m_multilingual_gguf_q4_0	REPRODUCED	0.9999156829	'a'	0.9999389804	'def add(a, b): return a + b'
bartowski_granite_embedding_107m_multilingual_gguf_q4_k_s	REPRODUCED	0.9998214817	'a'	0.9998952394	'How do I reset my password?'
bartowski_granite_embedding_107m_multilingual_gguf_q5_k_m	REPRODUCED	0.9997759365	'a'	0.9998820531	'How do I reset my password?'
bartowski_granite_embedding_107m_multilingual_gguf_q5_k_s	REPRODUCED	0.9997886055	'a'	0.9998974653	'How do I reset my password?'
bartowski_granite_embedding_107m_multilingual_gguf_q6_k	REPRODUCED	0.9997503493	'a'	0.9998227369	'How do I reset my password?'
bartowski_granite_embedding_107m_multilingual_gguf_q8_0	REPRODUCED	0.9999038183	'a'	0.9999275517	'How do I reset my password?'
liquidai_lfm2_5_embedding_350m_gguf_bf16	REPRODUCED	0.9999914692	'a'	0.9999935244	'def add(a, b): return a + b'
liquidai_lfm2_5_embedding_350m_gguf_f16	REPRODUCED	0.9999993816	'The quick brown fox jumps over the lazy '	0.9999996143	'def add(a, b): return a + b'
liquidai_lfm2_5_embedding_350m_gguf_q4_0	REPRODUCED	0.9997358092	'a'	0.9998148440	'def add(a, b): return a + b'
liquidai_lfm2_5_embedding_350m_gguf_q4_k_m	NOT_REPRODUCED	0.9986829227	'a'	0.9992231720	'How do I reset my password?'
liquidai_lfm2_5_embedding_350m_gguf_q5_k_m	NOT_REPRODUCED	0.9983367869	'a'	0.9991401229	'The quick brown fox jumps over the lazy '
liquidai_lfm2_5_embedding_350m_gguf_q6_k	NOT_REPRODUCED	0.9985676113	'a'	0.9992637579	'def add(a, b): return a + b'
liquidai_lfm2_5_embedding_350m_gguf_q8_0	REPRODUCED	0.9997379672	'a'	0.9997970459	'def add(a, b): return a + b'
qwen_qwen3_embedding_0_6b_gguf_f16	REPRODUCED	0.9999997318	'Quantum chromodynamics describes the str'	0.9999997986	'The quick brown fox jumps over the lazy '
qwen_qwen3_embedding_4b_gguf_q4_k_m	NOT_REPRODUCED	0.9982639591	'The quick brown fox jumps over the lazy '	0.9983135378	'¿Dónde está la biblioteca?'
qwen_qwen3_embedding_4b_gguf_q5_0	REPRODUCED	0.9996575004	'How do I reset my password?'	0.9996636693	'The cat sat on the mat.'
second_state_all_minilm_l6_v2_embedding_gguf_f16	REPRODUCED	0.9999989287	'The quick brown fox jumps over the lazy '	0.9999990949	'The cat sat on the mat.'
second_state_all_minilm_l6_v2_embedding_gguf_q4_0	REPRODUCED	0.9995060267	'a'	0.9998211232	'The quick brown fox jumps over the lazy '
second_state_all_minilm_l6_v2_embedding_gguf_q4_k_s	REPRODUCED	0.9992974227	'a'	0.9996940850	'Quantum chromodynamics describes the str'
second_state_all_minilm_l6_v2_embedding_gguf_q5_0	REPRODUCED	0.9993101572	'a'	0.9997637979	'The quick brown fox jumps over the lazy '
second_state_all_minilm_l6_v2_embedding_gguf_q5_k_m	NOT_REPRODUCED	0.9779481535	'a'	0.9998213649	'The quick brown fox jumps over the lazy '
second_state_all_minilm_l6_v2_embedding_gguf_q5_k_s	NOT_REPRODUCED	0.9756330286	'a'	0.9996987399	'The quick brown fox jumps over the lazy '
second_state_all_minilm_l6_v2_embedding_gguf_q6_k	REPRODUCED	0.9990987412	'a'	0.9996503917	'Quantum chromodynamics describes the str'
second_state_all_minilm_l6_v2_embedding_gguf_q8_0	REPRODUCED	0.9994363686	'a'	0.9997627728	'Quantum chromodynamics describes the str'
second_state_nomic_embed_text_v1_5_embedding_gguf_f16	REPRODUCED	0.9999998666	'a'	0.9999998987	'¿Dónde está la biblioteca?'
second_state_nomic_embed_text_v1_5_embedding_gguf_q4_0	NOT_REPRODUCED	0.9969203766	'a'	0.9988027812	'How do I reset my password?'
second_state_nomic_embed_text_v1_5_embedding_gguf_q4_k_m	NOT_REPRODUCED	0.9957449048	'a'	0.9976475359	'How do I reset my password?'
second_state_nomic_embed_text_v1_5_embedding_gguf_q4_k_s	NOT_REPRODUCED	0.9761418263	'a'	0.9916997859	'¿Dónde está la biblioteca?'
second_state_nomic_embed_text_v1_5_embedding_gguf_q5_0	REPRODUCED	0.9999999027	'¿Dónde está la biblioteca?'	0.9999999117	'How do I reset my password?'
second_state_nomic_embed_text_v1_5_embedding_gguf_q5_k_m	REPRODUCED	0.9999998588	'The quick brown fox jumps over the lazy '	0.9999999005	'¿Dónde está la biblioteca?'
second_state_nomic_embed_text_v1_5_embedding_gguf_q5_k_s	REPRODUCED	0.9999998580	'a'	0.9999998749	'How do I reset my password?'
second_state_nomic_embed_text_v1_5_embedding_gguf_q6_k	REPRODUCED	0.9999998618	'The quick brown fox jumps over the lazy '	0.9999999032	'¿Dónde está la biblioteca?'
second_state_nomic_embed_text_v1_5_embedding_gguf_q8_0	REPRODUCED	0.9999998614	'a'	0.9999999085	'¿Dónde está la biblioteca?'
