second_state_all_minilm_l6_v2_embedding_gguf_q4_0	arch=bert pooling=1 types={'Q8_0': 1, 'F16': 1, 'F32': 63, 'Q4_0': 36}
second_state_all_minilm_l6_v2_embedding_gguf_q5_0	arch=bert pooling=1 types={'Q8_0': 1, 'F16': 1, 'F32': 63, 'Q5_0': 36}
second_state_all_minilm_l6_v2_embedding_gguf_q6_k	arch=bert pooling=1 types={'Q8_0': 31, 'F16': 1, 'F32': 63, 'Q6_K': 6}
second_state_all_minilm_l6_v2_embedding_gguf_q8_0	arch=bert pooling=1 types={'Q8_0': 37, 'F16': 1, 'F32': 63}
second_state_all_minilm_l6_v2_embedding_gguf_f16	arch=bert pooling=1 types={'F16': 38, 'F32': 63}
second_state_nomic_embed_text_v1_5_embedding_gguf_q5_0	arch=nomic-bert pooling=1 types={'F32': 51, 'Q6_K': 1, 'Q5_0': 60}
second_state_nomic_embed_text_v1_5_embedding_gguf_q5_k_s	arch=nomic-bert pooling=1 types={'F32': 51, 'Q6_K': 1, 'Q5_K': 60}
second_state_nomic_embed_text_v1_5_embedding_gguf_q5_k_m	arch=nomic-bert pooling=1 types={'F32': 51, 'Q6_K': 19, 'Q5_K': 42}
second_state_nomic_embed_text_v1_5_embedding_gguf_q6_k	arch=nomic-bert pooling=1 types={'F32': 51, 'Q6_K': 61}
bartowski_granite_embedding_107m_multilingual_gguf_q4_0	arch=bert pooling=2 types={'F32': 64, 'Q8_0': 1, 'Q4_0': 36}
bartowski_granite_embedding_107m_multilingual_gguf_q6_k	arch=bert pooling=2 types={'F32': 64, 'Q8_0': 31, 'Q6_K': 6}
bartowski_granite_embedding_107m_multilingual_gguf_q8_0	arch=bert pooling=2 types={'F32': 64, 'Q8_0': 37}
second_state_nomic_embed_text_v1_5_embedding_gguf_q8_0	arch=nomic-bert pooling=1 types={'F32': 51, 'Q8_0': 61}
bartowski_granite_embedding_107m_multilingual_gguf_f16	arch=bert pooling=2 types={'F32': 64, 'F16': 37}
second_state_nomic_embed_text_v1_5_embedding_gguf_f16	arch=nomic-bert pooling=1 types={'F32': 51, 'F16': 61}
qwen_qwen3_embedding_0_6b_gguf_f16	arch=qwen3 pooling=3 types={'F16': 197, 'F32': 113}
second_state_all_minilm_l6_v2_embedding_gguf_q4_k_s	arch=bert pooling=1 types={'Q8_0': 1, 'F16': 1, 'F32': 63, 'Q5_0': 26, 'Q5_1': 4, 'Q5_K': 1, 'Q4_K': 5}
bartowski_granite_embedding_107m_multilingual_gguf_q4_k_s	arch=bert pooling=2 types={'F32': 64, 'Q8_0': 1, 'Q5_0': 26, 'Q5_1': 4, 'Q4_K': 6}
qwen_qwen3_embedding_4b_gguf_q5_0	arch=qwen3 pooling=3 types={'F32': 145, 'Q6_K': 1, 'Q5_0': 252}
bartowski_granite_embedding_107m_multilingual_gguf_q5_k_s	arch=bert pooling=2 types={'F32': 64, 'Q8_0': 1, 'Q5_1': 30, 'Q5_K': 6}
bartowski_granite_embedding_107m_multilingual_gguf_q5_k_m	arch=bert pooling=2 types={'F32': 64, 'Q8_0': 3, 'Q5_1': 28, 'Q5_K': 4, 'Q6_K': 2}
liquidai_lfm2_5_embedding_350m_gguf_q4_0	arch=lfm2 pooling=2 types={'Q6_K': 1, 'F32': 55, 'Q4_0': 92}
liquidai_lfm2_5_embedding_350m_gguf_q8_0	arch=lfm2 pooling=2 types={'Q8_0': 93, 'F32': 55}
liquidai_lfm2_5_embedding_350m_gguf_bf16	arch=lfm2 pooling=2 types={'BF16': 93, 'F32': 55}
liquidai_lfm2_5_embedding_350m_gguf_f16	arch=lfm2 pooling=2 types={'F16': 93, 'F32': 55}
