bartowski_granite_embedding_107m_multilingual_gguf_f16	REPRODUCED	bert	cls	0.9999976
bartowski_granite_embedding_107m_multilingual_gguf_q4_0	REPRODUCED	bert	cls	0.9999157
bartowski_granite_embedding_107m_multilingual_gguf_q4_k_s	REPRODUCED	bert	cls	0.9998215
bartowski_granite_embedding_107m_multilingual_gguf_q5_k_m	REPRODUCED	bert	cls	0.9997759
bartowski_granite_embedding_107m_multilingual_gguf_q5_k_s	REPRODUCED	bert	cls	0.9997886
bartowski_granite_embedding_107m_multilingual_gguf_q6_k	REPRODUCED	bert	cls	0.9997503
bartowski_granite_embedding_107m_multilingual_gguf_q8_0	REPRODUCED	bert	cls	0.9999038
liquidai_lfm2_5_embedding_350m_gguf_bf16	REPRODUCED	lfm2	cls	0.9999915
liquidai_lfm2_5_embedding_350m_gguf_f16	REPRODUCED	lfm2	cls	0.9999994
liquidai_lfm2_5_embedding_350m_gguf_q4_0	REPRODUCED	lfm2	cls	0.9997358
liquidai_lfm2_5_embedding_350m_gguf_q4_k_m	NOT_REPRODUCED	lfm2	cls	0.9986829
liquidai_lfm2_5_embedding_350m_gguf_q5_k_m	NOT_REPRODUCED	lfm2	cls	0.9983368
liquidai_lfm2_5_embedding_350m_gguf_q6_k	NOT_REPRODUCED	lfm2	cls	0.9985676
liquidai_lfm2_5_embedding_350m_gguf_q8_0	REPRODUCED	lfm2	cls	0.9997380
qwen_qwen3_embedding_0_6b_gguf_f16	REPRODUCED	qwen3	last	0.9999997
qwen_qwen3_embedding_4b_gguf_q4_k_m	NOT_REPRODUCED	qwen3	last	0.9982640
qwen_qwen3_embedding_4b_gguf_q5_0	REPRODUCED	qwen3	last	0.9996575
second_state_all_minilm_l6_v2_embedding_gguf_f16	REPRODUCED	bert	mean	0.9999989
second_state_all_minilm_l6_v2_embedding_gguf_q4_0	REPRODUCED	bert	mean	0.9995060
second_state_all_minilm_l6_v2_embedding_gguf_q4_k_s	REPRODUCED	bert	mean	0.9992974
second_state_all_minilm_l6_v2_embedding_gguf_q5_0	REPRODUCED	bert	mean	0.9993102
second_state_all_minilm_l6_v2_embedding_gguf_q5_k_m	NOT_REPRODUCED	bert	mean	0.9779482
second_state_all_minilm_l6_v2_embedding_gguf_q5_k_s	NOT_REPRODUCED	bert	mean	0.9756330
second_state_all_minilm_l6_v2_embedding_gguf_q6_k	REPRODUCED	bert	mean	0.9990987
second_state_all_minilm_l6_v2_embedding_gguf_q8_0	REPRODUCED	bert	mean	0.9994364
second_state_jina_embeddings_v2_base_code_gguf_f16	UNSUPPORTED: Unsupported GGUF architecture: jina-bert-v2; supported architectures are	jina-bert-v2	mean	
second_state_jina_embeddings_v2_base_code_gguf_q4_0	UNSUPPORTED: Unsupported GGUF architecture: jina-bert-v2; supported architectures are	jina-bert-v2	mean	
second_state_jina_embeddings_v2_base_code_gguf_q4_k_m	UNSUPPORTED: Unsupported GGUF architecture: jina-bert-v2; supported architectures are	jina-bert-v2	mean	
second_state_jina_embeddings_v2_base_code_gguf_q4_k_s	UNSUPPORTED: Unsupported GGUF architecture: jina-bert-v2; supported architectures are	jina-bert-v2	mean	
second_state_jina_embeddings_v2_base_code_gguf_q5_0	UNSUPPORTED: Unsupported GGUF architecture: jina-bert-v2; supported architectures are	jina-bert-v2	mean	
second_state_jina_embeddings_v2_base_code_gguf_q5_k_m	UNSUPPORTED: Unsupported GGUF architecture: jina-bert-v2; supported architectures are	jina-bert-v2	mean	
second_state_jina_embeddings_v2_base_code_gguf_q5_k_s	UNSUPPORTED: Unsupported GGUF architecture: jina-bert-v2; supported architectures are	jina-bert-v2	mean	
second_state_jina_embeddings_v2_base_code_gguf_q6_k	UNSUPPORTED: Unsupported GGUF architecture: jina-bert-v2; supported architectures are	jina-bert-v2	mean	
second_state_jina_embeddings_v2_base_code_gguf_q8_0	UNSUPPORTED: Unsupported GGUF architecture: jina-bert-v2; supported architectures are	jina-bert-v2	mean	
second_state_nomic_embed_text_v1_5_embedding_gguf_f16	REPRODUCED	nomic-bert	mean	0.9999999
second_state_nomic_embed_text_v1_5_embedding_gguf_q4_0	NOT_REPRODUCED	nomic-bert	mean	0.9969204
second_state_nomic_embed_text_v1_5_embedding_gguf_q4_k_m	NOT_REPRODUCED	nomic-bert	mean	0.9957449
second_state_nomic_embed_text_v1_5_embedding_gguf_q4_k_s	NOT_REPRODUCED	nomic-bert	mean	0.9761418
second_state_nomic_embed_text_v1_5_embedding_gguf_q5_0	REPRODUCED	nomic-bert	mean	0.9999999
second_state_nomic_embed_text_v1_5_embedding_gguf_q5_k_m	REPRODUCED	nomic-bert	mean	0.9999999
second_state_nomic_embed_text_v1_5_embedding_gguf_q5_k_s	REPRODUCED	nomic-bert	mean	0.9999999
second_state_nomic_embed_text_v1_5_embedding_gguf_q6_k	REPRODUCED	nomic-bert	mean	0.9999999
second_state_nomic_embed_text_v1_5_embedding_gguf_q8_0	REPRODUCED	nomic-bert	mean	0.9999999
