second_state_all_minilm_l6_v2_embedding_gguf_q4_0	REPRODUCED	0.9995060
second_state_all_minilm_l6_v2_embedding_gguf_q5_0	REPRODUCED	0.9993102
second_state_all_minilm_l6_v2_embedding_gguf_q6_k	REPRODUCED	0.9990987
second_state_all_minilm_l6_v2_embedding_gguf_q8_0	REPRODUCED	0.9994364
second_state_all_minilm_l6_v2_embedding_gguf_f16	REPRODUCED	0.9999989
second_state_nomic_embed_text_v1_5_embedding_gguf_q5_0	REPRODUCED	0.9999999
second_state_nomic_embed_text_v1_5_embedding_gguf_q5_k_s	REPRODUCED	0.9999999
second_state_nomic_embed_text_v1_5_embedding_gguf_q5_k_m	REPRODUCED	0.9999999
second_state_nomic_embed_text_v1_5_embedding_gguf_q6_k	REPRODUCED	0.9999999
bartowski_granite_embedding_107m_multilingual_gguf_q4_0	REPRODUCED	0.9999157
bartowski_granite_embedding_107m_multilingual_gguf_q6_k	REPRODUCED	0.9997503
bartowski_granite_embedding_107m_multilingual_gguf_q8_0	REPRODUCED	0.9999038
second_state_nomic_embed_text_v1_5_embedding_gguf_q8_0	REPRODUCED	0.9999999
bartowski_granite_embedding_107m_multilingual_gguf_f16	REPRODUCED	0.9999976
second_state_nomic_embed_text_v1_5_embedding_gguf_f16	REPRODUCED	0.9999999
qwen_qwen3_embedding_0_6b_gguf_f16	REPRODUCED	0.9999997
qwen_qwen3_embedding_4b_gguf_q5_0	REPRODUCED	0.9996575
